"course_avg","school","class","gender","ethnicity","parent","grand","hrs_work","emp_on","emp_off","tx_birth","tx_hs","version","must"
95.4,"ACUP","FR","0","Hisp","Y","Y","11-19","N","N","Y","Y","v78",17
82.9,"ACUP","FR","0","White","Y","N","0","N","N","Y","Y","v87",1
96,"ACUP","FR","1","White","Y","N","0","N","N","Y","Y","v87",16
73,"ACUP","JR","1","Other","Y","Other","0","N","N","Y","Y","v78",14
85.7,"ACUP","FR","0","White","Y","N","0","N","N","Y","Y","v87",13
94.6,"ACUP","FR","0","White","Y","Y","0","N","N","Y","Y","v78",17
94.7,"ACUP","FR","0","White","Y","Other","0","N","N","Y","Y","v87",17
92.7,"ACUP","FR","0","White","Y","Y","0","N","N","Y","Y","v87",13
59.3,"ACUP","SO","1","White","Y","Y","11-19","N","Y","Y","Y","v78",9
73.4,"ACUP","SO","0","Hisp","N","N","0","N","N","Y","Y","v78",6
98.3,"ACUP","FR","1","Asian","Y","Y","0","N","N","Y","Y","v87",17
72.5,"ACUP","SO","1","Hisp","Y","N","0","N","N","Y","Y","v78",17
70.2,"ACUP","SO","1","White","N","N","0","N","N","Y","Y","v78",5
89.5,"ACUP","FR","0","Hisp","N","N","0","N","N","Y","Y","v87",10
81.2,"ACUP","SO","0","White","Y","Y","0","N","N","Y","Y","v78",11
73.5,"ACUP","FR","1","White","Y","Y","0","N","N","Y","Y","v78",14
65.3,"ACUP","JR","1","Hisp","Y","Y","1-10","N","N","Y","Y","v78",4
64.1,"ACUP","SO","0","Black","Y","Y","20-29","N","Y","Y","Y","v78",2
66.9,"ACUP","FR","1","White","N","N","0","N","N","Y","Y","v87",11
91.5,"ACUP","FR","0","White","Y","Y","0","N","N","Y","Y","v78",13
89.4,"ACUP","SR","1","Hisp","Y","Y","11-19","N","Y","Y","N","v78",11
83.4,"ACUP","FR","0","Black","Y","Y","0","N","N","Y","Y","v87",11
86.6,"ACUP","FR","0","Hisp","Y","N","0","N","N","Y","Y","v78",10
93.9,"ACUP","FR","0","White","Y","Y","0","N","N","Y","Y","v87",18
80.9,"ACUP","SO","1","Hisp","N","N","20-29","N","Y","Y","Y","v87",10
55.8,"ACUP","SO","1","White","Y","N","0","N","N","Y","Y","v78",6
90.1,"ACUP","SR","0","White","Y","Y","0","N","N","Y","Y","v87",10
60.2,"ACUP","SO","0","Hisp","Y","Y","0","N","N","Y","Y","v87",0
76,"ACUP","SO","1","White","Y","Y","11-19","Y","Y","Y","Y","v87",11
91.6,"ACUP","FR","0","White","Y","Y","0","N","N","Y","Y","v87",11
93.8,"ACUP","FR","0","White","Y","Other","0","N","N","Y","Y","v78",11
92.4,"ACUP","FR","0","Hisp","Y","N","0","N","N","Y","N","v87",16
72.4,"ACUP","SO","0","White","Y","Y","0","N","N","Y","N","v87",7
83.2,"ACUP","FR","0","Asian","N","N","11-19","N","N","Y","Y","v87",8
54.5,"ACUP","SR","0","Hisp","N","N","0","N","N","Y","N","v78",6
89.3,"ACUP","SR","1","White","Y","N","1-10","N","Y","Y","Y","v78",9
91.9,"ACUP","SR","1","White","Y","Y","11-19","N","Y","Y","Y","v87",9
75.2,"ACUP","FR","1","White","Y","Other","0","N","N","Y","Y","v78",6
78.6,"ACUP","FR","1","White","N","N","0","N","N","Y","Y","v87",9
90.8,"ACUP","SO","1","White","Y","Other","0","N","N","Y","Y","v78",9
85.2,"ACUP","FR","0","Black","Y","N","0","N","N","Y","Y","v78",1
91.3,"ACUP","SO","1","White","Y","Other","0","N","N","Y","Y","v87",8
78.8,"ACUP","FR","1","White","Y","N","0","N","N","Y","Y","v78",15
63.6,"ACUP","FR","1","Hisp","N","N","0","N","N","Y","Y","v78",13
76.1,"ACUP","SO","1","Hisp","Y","Y","11-19","N","Y","Y","Y","v78",7
92.6,"ACUP","JR","1","White","Y","Y","0","N","N","Y","N","v78",12
92.6,"ACUP","SR","1","White","Y","Y","0","N","N","Y","Y","v87",16
85.6,"ACUP","FR","0","White","Y","Other","11-19","N","Y","Y","Y","v78",8
70,"ACUP","FR","0","White","N","N","0","N","N","Y","Y","v78",2
73,"ACUP","FR","1","White","Y","Other","0","N","N","Y","Y","v87",5
94.6,"ACUP","FR","0","White","Y","Y","0","N","N","Y","Y","v78",14
92.8,"ACUP","SO","0","White","Y","Y","0","N","N","Y","Y","v78",4
56.3,"ACUP","SO","1","Hisp","N","N","0","N","N","Y","Y","v78",3
66.9,"ACUP","SO","1","Black","N","N","1-10","Y","N","N","Y","v78",4
96.5,"ACUP","FR","1","White","Y","N","0","N","N","Y","Y","v87",17
87.2,"ACUP","FR","0","White","Y","Y","0","N","N","Y","Y","v78",14
85.8,"ACUP","FR","0","White","Y","Y","0","N","N","Y","Y","v87",17
95.2,"ACUP","FR","0","White","Y","Y","0","N","N","Y","Y","v78",15
68.5,"ACUP","FR","1","Hisp","Y","N","11-19","Y","Y","Y","Y","v87",7
81,"ACUP","FR","1","Asian","Y","N","0","N","N","Y","Y","v87",5
85.4,"ACUP","FR","0","White","Y","Y","0","N","N","Y","Y","v87",9
70.8,"ACUP","FR","0","Hisp","Y","Y","0","N","N","Y","Y","v78",1
95.5,"ACUP","SO","1","White","Y","N","0","N","N","Y","Y","v87",12
86.7,"ACUP","FR","1","White","Y","Other","0","N","N","Y","Y","v78",15
78,"ACUP","SO","1","White","Y","Y","0","N","N","Y","Y","v87",7
77.5,"ACUP","FR","0","White","Y","Y","0","N","N","Y","Y","v87",13
45.8,"ACUP","FR","1","Hisp","Other","Other","11-19","Y","N","Y","Y","v87",4
85.1,"ACUP","SO","0","White","Y","Y","0","N","N","Y","Y","v78",10
70.2,"ACUP","SO","0","Hisp","Y","Other","0","N","N","Y","Y","v87",2
72.4,"ACUP","SO","1","White","N","N","0","N","N","Y","Y","v78",13
76.8,"ACUP","SO","1","White","Y","Y","0","N","N","Y","N","v78",11
94.5,"ACUP","FR","0","White","Y","Y","0","N","N","Y","Y","v78",11
81.3,"ACUP","JR","1","White","Y","Y","0","N","N","Y","Y","v78",9
72.4,"ACUP","SO","1","White","Y","Y","0","N","N","Y","Y","v78",9
95.8,"ACUP","FR","1","Asian","Y","N","0","N","N","Y","N","v78",19
80.4,"ACUP","SO","0","Hisp","Y","Other","11-19","Y","Y","Y","Y","v87",4
83.9,"ACUP","FR","1","Black","Y","Other","0","N","N","Y","Y","v87",17
88.7,"ACUP","FR","0","White","Y","Y","0","N","N","Y","Y","v87",17
81.2,"ACUP","FR","1","White","N","N","0","N","N","Y","Y","v78",15
83.4,"ACUP","FR","1","White","Y","Other","0","N","N","Y","Y","v78",13
70.1,"ACUP","SR","1","White","Y","Y","0","N","N","Y","Y","v78",12
68.1,"ACUP","FR","0","Hisp","Y","N","0","N","N","Y","Y","v87",6
88.6,"ACUP","FR","0","White","Y","Y","0","N","N","Y","Y","v87",11
95.5,"ACUP","FR","0","White","Y","Other","0","N","N","Y","Y","v78",7
95.7,"ACUP","FR","1","White","Y","Other","0","N","N","Y","Y","v87",18
86,"ACUP","JR","0","Black","Y","Other","20-29","N","Y","Y","N","v78",9
91.5,"ACUP","FR","1","White","Y","Y","0","N","N","Y","Y","v87",9
94.3,"ACUP","FR","1","White","Y","Y","1-10","N","Y","Y","Y","v87",20
83.2,"ACUP","SO","0","White","Y","Y","1-10","Y","N","Y","N","v78",15
88.9,"ACUP","FR","0","White","Y","Y","0","N","N","Y","N","v78",16
81.9,"ACUP","SR","0","Black","N","N","0","N","N","Y","N","v87",7
92.4,"ACUP","SO","0","White","Y","Y","0","N","N","Y","Y","v78",5
93.1,"ACUP","FR","1","White","Y","Y","0","N","N","Y","Y","v78",13
92.2,"ACUP","FR","0","White","Y","Y","0","N","N","Y","Y","v87",5
86.9,"ACUP","FR","0","White","Y","Other","0","N","N","Y","Y","v87",14
92.4,"ACUP","SO","1","White","Y","N","0","N","N","Y","Y","v87",14
76.8,"ACUP","FR","1","Hisp","Y","N","0","N","N","Y","Y","v87",8
42.8,"ACUP","FR","0","Black","Y","N","0","N","N","Y","Y","v87",3
61.3,"ACUP","SO","0","White","Y","Other","0","N","N","Y","Y","v78",7
96.4,"ACUP","FR","1","Hisp","Y","Y","0","N","N","Y","Y","v87",18
84.3,"ACUP","FR","0","White","Y","Y","0","N","N","Y","Y","v78",6
70.7,"ACUP","FR","0","White","Y","Y","0","N","N","Y","Y","v78",6
92.5,"ACUP","FR","1","White","Y","Other","0","N","N","Y","Y","v78",14
71.1,"ACUP","FR","1","Black","N","Y","0","N","N","Y","Y","v87",8
92.9,"ACUP","FR","1","White","Y","N","0","N","N","Y","Y","v78",14
81,"ACUP","SO","0","White","Y","Y","0","N","N","Y","Y","v87",6
95.3,"ACUP","FR","1","Other","Y","Y","0","N","N","Y","Y","v78",7
92,"ACUP","SO","1","White","Y","Y","0","N","N","Y","Y","v87",4
62.2,"TAMSA","FR","0","Hisp","Y","N","0","N","N","Y","Y","v87",0
44.2,"TAMSA","SO","1","White","Y","Other","11-19","N","Y","Y","Y","v78",1
76.7,"TAMSA","JR","0","Black","Y","Other","0","N","N","Y","Y","v78",1
71.6,"TAMSA","SO","0","Hisp","Y","N","11-19","Y","N","Y","Y","v87",0
68.1,"TAMSA","SO","0","Hisp","Other","N","0","N","N","N","N","v87",7
74.1,"TAMSA","JR","1","Hisp","Y","N","30-39","N","Y","N","Y","v78",2
57.4,"TAMSA","SO","0","Hisp","Y","Y","11-19","Y","N","Y","Y","v78",5
46.1,"TAMSA","JR","0","White","Y","Y","20-29","N","Y","N","Y","v78",0
72.3,"TAMSA","SO","0","Hisp","N","N","0","N","N","Y","Y","v87",0
46.2,"TAMSA","SO","1","Hisp","Y","Y","0","N","N","Y","Y","v78",8
43.2,"TAMSA","JR","0","Hisp","N","N","30-39","N","Y","Y","Y","v78",3
56.4,"TAMSA","SO","0","Hisp","N","N","0","N","N","Y","Y","v87",7
66.6,"TAMSA","JR","1","White","Y","N","0","N","N","N","Y","v78",7
68.3,"TAMSA","JR","0","Hisp","N","N","30-39","N","Y","N","Y","v87",2
38.1,"TAMSA","JR","0","Hisp","N","N","0","N","N","N","Y","v87",2
47.8,"TAMSA","SO","1","Black","Y","Other","20-29","N","Y","Y","Y","v87",1
64.3,"TAMSA","SO","1","Hisp","Y","N","30-39","N","Y","N","N","v78",1
31.3,"TAMSA","JR","0","Hisp","N","N","30-39","N","Y","Y","Y","v78",0
47.8,"TAMSA","SO","0","Mixed","Y","N","11-19","N","Y","Y","Y","v87",2
65,"TAMSA","SO","1","Hisp","N","N","0","N","N","Y","Y","v87",1
66,"TAMSA","SO","0","Hisp","N","N","0","N","N","Y","N","v87",2
34,"TAMSA","FR","0","Hisp","Y","N","0","N","N","Y","Y","v87",1
67,"TAMSA","JR","0","White","Y","Y","30-39","N","Y","Y","Y","v87",2
76,"TAMSA","JR","0","Hisp","Y","N","30-39","N","Y","N","Y","v87",7
80,"TAMSA","JR","0","Black","N","N","30-39","N","Y","N","N","v78",4
85,"TAMSA","SO","0","Hisp","N","N","20-29","Y","N","Y","Y","v87",2
70,"TAMSA","SO","0","Hisp","N","Other","0","Y","N","Y","Y","v78",10
74,"TAMSA","JR","0","Hisp","N","N","0","N","N","Y","Y","v87",4
94,"TAMSA","FR","0","Mixed","N","N","0","N","N","Y","Y","v87",8
109,"TAMSA","FR","1","White","N","N","0","N","N","Y","Y","v78",14
54,"TAMSA","FR","1","Hisp","Y","N","20-29","N","Y","Y","Y","v78",3
72,"TAMSA","JR","0","White","N","Other","1-10","N","Y","N","N","v78",9
90,"TAMSA","JR","0","Hisp","N","N","30-39","N","Y","N","Y","v78",9
48,"TAMSA","JR","1","Hisp","N","Other","30-39","N","Y","N","Y","v87",4
89,"TAMSA","SO","1","Hisp","Y","N","11-19","N","Y","Y","Y","v87",1
55,"TAMSA","SO","0","Hisp","Y","Y","1-10","N","Y","Y","Y","v78",1
74,"TAMSA","SO","0","Hisp","N","N","20-29","N","Y","Y","Y","v78",8
86,"TAMSA","SR","1","Black","N","N","30-39","N","Y","Y","Y","v87",3
96.1,"TAMU","SO","0","White","Y","Y","0","N","N","Y","Y","v78",4
46.6,"TAMU","FR","0","Hisp","N","N","0","N","N","Y","Y","v87",2
86.8,"TAMU","FR","1","Mixed","Y","Other","0","N","N","Y","Y","v87",16
91,"TAMU","FR","0","White","Y","Y","0","N","N","Y","Y","v87",15
93.2,"TAMU","FR","1","White","Y","N","0","N","N","Y","Y","v78",17
92.6,"TAMU","FR","0","White","Y","Y","0","N","N","Y","Y","v87",16
66.3,"TAMU","FR","0","Hisp","Y","N","0","N","N","Y","Y","v87",5
57.2,"TAMU","FR","0","White","Y","Other","1-10","N","Y","Y","Y","v78",7
66.7,"TAMU","FR","0","Hisp","N","N","0","N","N","Y","Y","v87",11
86.7,"TAMU","FR","1","White","Y","N","0","N","N","Y","Y","v87",12
51.2,"TAMU","SO","1","Black","Y","Y","11-19","Y","N","Y","N","v78",2
91.7,"TAMU","FR","0","Black","Y","Y","0","N","N","Y","Y","v78",15
63.7,"TAMU","FR","0","Hisp","Y","N","0","N","N","Y","Y","v78",4
82.4,"TAMU","FR","1","Hisp","N","Y","1-10","Y","N","Y","Y","v78",16
70.7,"TAMU","FR","0","White","Y","N","0","N","N","Y","Y","v87",8
73.8,"TAMU","FR","0","Hisp","Y","Y","0","N","N","Y","N","v87",9
94.5,"TAMU","FR","0","White","Y","Y","0","N","N","Y","Y","v78",10
87.3,"TAMU","FR","0","White","Y","Other","0","N","N","Y","Y","v87",14
89.4,"TAMU","FR","1","White","Y","Y","0","N","N","Y","Y","v87",19
87.8,"TAMU","FR","0","White","Y","Other","20-29","N","Y","Y","Y","v78",17
79.1,"TAMU","FR","1","White","N","N","0","N","N","Y","Y","v87",13
79.2,"TAMU","SO","0","White","N","Other","0","N","N","Y","Y","v78",11
89.5,"TAMU","FR","0","White","Y","Y","0","N","N","Y","Y","v87",10
68.9,"TAMU","FR","0","Black","Y","Y","0","N","N","N","Y","v87",7
66.6,"TAMU","FR","0","White","Y","Y","0","N","N","Y","Y","v78",11
89.4,"TAMU","SO","0","White","Y","Y","0","N","N","Y","Y","v87",17
81.8,"TAMU","FR","0","White","Y","Y","0","N","N","Y","Y","v87",14
67.7,"TAMU","FR","0","Mixed","Y","N","20-29","Y","N","Y","N","v78",14
88,"TAMU","FR","0","White","Y","Y","0","N","N","Y","Y","v78",15
79.3,"TAMU","FR","1","White","Y","Y","0","N","N","Y","Y","v78",11
78.9,"TAMU","FR","0","White","Y","N","0","N","N","Y","Y","v87",14
88.3,"TAMU","FR","1","White","Y","Y","0","N","N","Y","Y","v78",10
97.3,"TAMU","SO","1","White","Y","Y","1-10","N","Y","Y","Y","v78",17
74.7,"TAMU","SO","1","White","Y","Y","0","N","N","Y","Y","v87",3
96.7,"TAMU","FR","0","White","Y","Y","0","N","N","Y","Y","v87",11
70.7,"TAMU","FR","0","White","N","N","0","N","N","Y","Y","v78",5
63.2,"TAMU","FR","1","White","Y","N","0","N","N","Y","Y","v87",6
91.5,"TAMU","FR","0","White","Y","Y","0","N","N","Y","Y","v78",18
94.3,"TAMU","FR","1","Mixed","Y","Y","0","N","N","Y","Y","v87",17
75.6,"TAMU","SO","1","White","Other","Y","0","N","N","Y","Y","v78",5
99.2,"TAMU","FR","0","White","Y","Other","0","N","N","Y","Y","v78",11
81.3,"TAMU","FR","1","White","Y","Other","0","N","N","Y","Y","v87",15
58.9,"TAMU","FR","1","White","Y","Y","0","N","N","Y","Y","v78",1
92.6,"TAMU","FR","0","White","Y","Other","0","N","N","Y","Y","v78",15
84.2,"TAMU","FR","0","White","N","N","0","N","N","Y","Y","v78",14
92.5,"TAMU","FR","0","White","Y","Y","0","N","N","Y","Y","v87",18
92.5,"TAMU","FR","0","White","Y","Y","0","N","N","Y","Y","v78",17
72.9,"TAMU","FR","0","Mixed","Y","Y","0","N","N","Y","Y","v78",4
91.7,"TAMU","FR","0","White","Y","Y","0","N","N","Y","Y","v78",15
78.9,"TAMU","FR","1","White","Y","N","0","N","N","Y","Y","v87",14
77.1,"TAMU","FR","0","Black","N","N","0","N","N","Y","N","v87",2
83.1,"TAMU","SO","1","White","Y","Y","0","N","N","Y","Y","v78",15
81,"TAMU","FR","0","Asian","Y","N","0","N","N","Y","Y","v87",13
71.8,"TAMU","FR","0","White","Y","Y","0","N","N","Y","Y","v87",9
84.4,"TAMU","FR","0","White","Y","Y","1-10","Y","N","Y","Y","v87",11
95.4,"TAMU","FR","0","White","Y","N","0","N","N","Y","Y","v87",16
92.6,"TAMU","FR","0","White","Y","Y","0","N","N","Y","Y","v78",7
89,"TAMU","FR","0","White","Y","Y","0","N","N","Y","Y","v78",10
82.1,"TAMU","FR","0","Mixed","Y","Y","0","N","N","Y","Y","v78",12
85.5,"TAMU","SO","0","White","Y","N","11-19","Y","N","Y","Y","v78",14
96.3,"TAMU","FR","0","White","Y","Y","0","N","N","Y","Y","v78",15
75.6,"TAMU","FR","1","White","Y","Y","0","N","N","Y","Y","v87",14
83.1,"TAMU","FR","1","Hisp","Y","Y","0","N","N","Y","Y","v78",13
85.2,"TAMU","FR","1","White","Y","Y","0","N","N","Y","Y","v87",17
87.9,"TAMU","FR","0","White","Y","Y","0","N","N","Y","Y","v87",12
85.7,"TAMU","FR","1","Hisp","N","Other","0","N","N","Y","Y","v87",8
65.5,"TAMU","FR","0","Mixed","N","N","0","N","N","Y","Y","v78",7
62.4,"TAMU","FR","0","Hisp","N","N","0","N","N","Y","Y","v78",15
87.2,"TAMU","FR","1","White","Y","Y","0","N","N","Y","Y","v78",15
77.1,"TAMU","FR","0","White","Y","Y","0","N","N","Y","Y","v78",13
93,"TAMU","FR","0","Mixed","Y","N","0","N","N","Y","Y","v78",13
80.3,"TAMU","FR","1","White","Y","Y","0","N","N","Y","Y","v87",9
76.2,"TAMU","FR","0","Other","Y","Y","0","N","N","Y","Y","v87",18
72,"TAMU","JR","0","Asian","N","N","0","N","N","Y","Y","v78",13
90.7,"TAMU","FR","1","White","Y","Y","0","N","N","Y","Y","v87",19
92.5,"TAMU","FR","0","Asian","Y","Other","0","N","N","Y","Y","v78",14
50.4,"TAMU","FR","0","Mixed","Y","Y","0","N","N","Y","Y","v78",12
81.3,"TAMU","SO","0","Asian","Y","Y","0","N","N","Y","Y","v87",16
86.9,"TAMU","FR","0","White","Y","Y","0","N","N","Y","Y","v87",6
83.1,"TAMU","FR","0","White","Y","Y","0","N","N","Y","Y","v87",11
77.8,"TAMU","FR","0","Mixed","Y","Y","0","N","N","Y","Y","v87",13
86.6,"TAMU","FR","1","White","Y","Y","0","N","N","Y","Y","v78",15
68.2,"TAMU","FR","0","White","Y","Other","0","N","N","Y","Y","v87",8
67.6,"TAMU","FR","1","White","Y","Other","0","N","N","Y","Y","v78",12
90.7,"TAMU","FR","0","White","N","Other","0","N","N","Y","Y","v87",16
94.2,"TAMU","SO","1","White","Y","N","0","N","N","Y","Y","v78",13
90.8,"TAMU","FR","0","White","Y","Y","0","N","N","Y","Y","v78",16
96.5,"TAMU","FR","0","Other","Y","Y","0","N","N","Y","Y","v87",17
81.5,"TAMU","SO","1","Black","Y","Y","0","N","N","Y","Y","v78",16
73.3,"TAMU","FR","0","White","Y","Y","0","N","N","Y","Y","v78",11
80.1,"TAMU","FR","0","Hisp","Y","Y","0","N","N","Y","Y","v87",14
88.1,"TAMU","FR","1","White","Y","Other","0","N","N","Y","Y","v87",10
56.5,"TAMU","SO","0","White","N","N","0","N","N","Y","Y","v78",3
77.2,"TAMU","JR","0","Hisp","N","N","20-29","N","Y","Y","Y","v78",12
76.8,"TAMU","FR","1","White","Y","Y","0","N","N","Y","N","v87",16
79.3,"TAMU","SO","0","White","Y","Y","1-10","N","Y","Y","Y","v78",17
95.5,"TAMU","FR","1","White","Y","Y","0","N","N","Y","Y","v87",13
80.4,"TAMU","FR","0","Hisp","Y","Y","0","N","N","Y","Y","v78",17
87.6,"TAMU","SO","1","White","Y","N","11-19","Y","Y","Y","Y","v87",11
72.3,"TAMU","FR","1","White","Y","Y","0","N","N","Y","Y","v87",13
65,"TAMU","SO","0","White","Y","N","0","N","N","Y","Y","v78",5
80.3,"TAMU","FR","1","White","Y","Y","0","N","N","Y","Y","v87",11
69.4,"TAMU","FR","1","Mixed","Y","Other","0","N","N","Y","Y","v87",8
97.4,"TAMU","FR","0","Mixed","Y","Y","0","N","N","Y","Y","v78",15
89.1,"TAMU","FR","0","White","Y","Y","0","N","N","Y","Y","v87",16
91,"TAMU","FR","1","White","Y","Y","0","N","N","Y","Y","v87",18
88.1,"TAMU","SO","0","White","Y","Y","0","N","N","Y","Y","v78",13
94.3,"TAMU","FR","0","White","Y","N","0","N","N","Y","Y","v87",15
96.2,"TAMU","SO","1","White","Y","Y","0","N","N","Y","Y","v78",9
88.8,"TAMU","FR","0","Other","Y","N","0","N","N","Y","Y","v87",16
93.4,"TAMU","JR","0","White","Y","Y","0","N","N","Y","Y","v78",17
93.8,"TAMU","FR","0","White","Y","Y","0","N","N","Y","N","v87",17
92.1,"TAMU","FR","0","Hisp","Y","Y","0","N","N","Y","Y","v78",17
59,"TAMU","FR","missing","Hisp","Y","N","0","N","N","Y","Y","v78",7
69.9,"TAMU","FR","0","Hisp","Y","Y","0","N","N","Y","Y","v78",9
95.1,"TAMU","FR","0","White","Y","N","0","N","N","Y","Y","v78",16
95.5,"TAMU","FR","0","Hisp","Other","Other","0","N","N","Y","N","v78",16
82.4,"TAMU","FR","0","Mixed","Y","Other","0","N","N","Y","Y","v87",8
87,"TAMU","FR","1","Hisp","Y","Y","0","N","N","Y","Y","v87",19
90.4,"TAMU","FR","1","White","Y","Y","1-10","N","Y","Y","Y","v78",13
91,"TAMU","SO","0","White","Y","N","0","N","N","Y","Y","v87",14
93.7,"TAMU","FR","1","White","Y","N","0","N","N","Y","Y","v78",19
96.3,"TAMU","JR","0","White","Y","Y","0","N","N","Y","Y","v78",5
80.9,"TAMU","FR","1","White","Y","Y","0","N","N","Y","Y","v78",18
90.2,"TAMU","SO","0","Mixed","Y","N","0","N","N","Y","Y","v78",11
88.6,"TAMU","SO","0","White","N","N","0","N","N","Y","Y","v78",5
88.5,"TAMU","FR","0","White","Y","Y","0","N","N","Y","Y","v87",9
75.9,"TAMU","FR","0","White","Y","Y","1-10","N","Y","Y","Y","v78",14
70.7,"TAMU","SO","1","White","Y","Y","0","N","N","Y","Y","v87",5
60.6,"TAMU","FR","0","White","Y","Y","0","N","N","Y","Y","v87",7
47.9,"TAMU","SO","missing","Hisp","N","N","0","N","N","Y","Y","v87",4
96.3,"TAMU","FR","0","Other","Y","Y","0","N","N","Y","Y","v78",19
65.7,"TAMU","FR","0","Hisp","Y","N","0","N","N","Y","Y","v78",10
94.3,"TAMU","SO","1","White","Y","Y","0","N","N","Y","Y","v78",14
82.6,"TAMU","FR","0","Asian","Y","Y","0","N","N","Y","Y","v87",17
78.2,"TAMU","FR","0","Hisp","Y","N","0","N","N","Y","N","v87",11
88.6,"TAMU","FR","0","Hisp","N","N","0","N","N","Y","Y","v78",16
72.6,"TAMU","SO","0","Hisp","N","N","1-10","Y","N","Y","Y","v87",5
72.9,"TAMU","SO","1","Hisp","N","N","11-19","N","Y","Y","Y","v87",12
76,"TAMU","FR","1","Hisp","N","N","1-10","Y","N","Y","Y","v87",17
88.2,"TAMU","FR","1","White","Y","Y","1-10","N","Y","Y","Y","v78",15
56.2,"TAMU","FR","0","Hisp","Y","N","0","N","N","Y","Y","v78",14
88.8,"TAMU","SO","0","Mixed","Y","Other","0","N","N","Y","Y","v87",16
59.8,"TAMU","FR","0","Hisp","N","N","0","N","N","Y","Y","v87",12
95,"TAMU","FR","0","Asian","Y","Y","0","N","N","Y","Y","v78",20
79.7,"TAMU","FR","0","White","Y","Y","1-10","N","Y","Y","Y","v87",15
96.3,"TAMU","FR","1","White","Y","Y","0","N","N","Y","Y","v87",18
75.3,"TAMU","SO","0","White","Y","Y","0","N","N","Y","Y","v78",12
98.9,"TAMU","FR","1","White","Y","Y","0","N","N","Y","Y","v78",19
84.5,"TAMU","SO","1","Hisp","N","N","0","N","N","Y","Y","v87",19
78,"TAMU","FR","1","Mixed","N","N","0","N","N","N","Y","v78",14
74.8,"TAMU","SO","0","Hisp","N","N","0","N","N","Y","Y","v78",4
95.9,"TAMU","FR","0","Hisp","Y","Other","0","N","N","Y","Y","v87",15
75.1,"TAMU","FR","1","Hisp","Y","N","0","N","N","Y","Y","v78",14
95,"TAMU","JR","0","Mixed","N","N","0","N","N","Y","Y","v87",16
89.9,"TAMU","JR","0","White","Y","Y","1-10","N","Y","Y","Y","v78",12
92.8,"TAMU","FR","0","White","Y","Y","0","N","N","Y","N","v78",14
64.8,"TAMU","FR","0","Hisp","Other","Other","0","N","N","Y","Y","v87",7
75,"TAMU","FR","0","Black","N","N","11-19","N","Y","Y","Y","v87",7
41.9,"TAMU","FR","0","Hisp","N","N","1-10","Y","N","Y","Y","v87",10
87.9,"TAMU","FR","0","White","Y","Y","0","N","N","Y","Y","v78",14
79.2,"TAMU","FR","0","White","Y","Y","0","N","N","Y","N","v78",15
87.9,"TAMU","FR","0","White","Y","Y","0","N","N","Y","Y","v87",19
87.4,"TAMU","FR","1","Asian","N","N","0","N","N","Y","Y","v87",18
78.5,"TAMU","FR","0","White","Y","Y","0","N","N","Y","Y","v78",12
93.8,"TAMU","FR","0","White","Y","Y","0","N","N","Y","Y","v78",15
86.7,"TAMU","SO","0","White","Y","Other","0","N","N","Y","Y","v87",14
85.8,"TAMU","FR","0","White","N","N","0","N","N","Y","Y","v78",9
89.3,"TAMU","FR","0","White","Y","Y","0","N","N","Y","Y","v78",8
90.6,"TAMU","JR","0","White","Y","Y","0","N","N","Y","Y","v78",7
99.7,"TAMU","FR","1","Other","Y","Y","0","N","N","Y","Y","v78",20
77.7,"TAMU","SO","missing","White","N","N","0","N","N","Y","Y","v78",5
80.7,"TAMU","FR","0","White","Y","Y","0","N","N","Y","Y","v78",7
75.4,"TAMU","FR","1","White","Y","Y","0","N","N","Y","Y","v87",17
95.7,"TAMU","FR","missing","White","N","N","0","N","N","Y","Y","v78",13
69.9,"TAMU","SO","1","Hisp","N","N","0","N","N","Y","Y","v78",12
91.9,"TAMU","SO","0","Mixed","Y","N","0","N","N","Y","Y","v87",11
85,"TAMU","FR","0","Hisp","N","N","20-29","Y","N","Y","Y","v87",10
78.6,"TAMU","FR","0","White","Y","N","20-29","N","Y","Y","Y","v87",13
78.5,"TAMU","FR","0","White","Y","Y","0","N","N","Y","Y","v78",17
75.7,"TAMU","FR","0","Hisp","N","N","0","N","N","Y","Y","v78",6
93.4,"TAMU","SO","1","White","Y","Y","0","N","N","Y","Y","v87",15
95.1,"TAMU","FR","0","White","Y","Y","0","N","N","Y","Y","v78",12
70.8,"TAMU","FR","0","White","Y","Y","0","N","N","Y","Y","v87",11
82.2,"TAMU","SO","0","White","Y","Other","20-29","Y","N","Y","Y","v78",9
76,"TAMU","FR","0","Hisp","Y","N","0","N","N","Y","Y","v87",4
90,"TAMU","FR","0","White","Y","Y","0","N","N","Y","N","v78",14
87.6,"TAMU","FR","0","White","Y","Other","0","N","Y","Y","Y","v78",11
88,"TAMU","SO","1","Mixed","Y","Other","0","N","N","Y","Y","v78",14
85.5,"TAMU","FR","0","White","Y","N","0","N","N","Y","Y","v78",9
96.4,"TAMU","FR","0","Asian","N","N","0","N","N","Y","Y","v87",15
90.5,"TAMU","FR","1","White","Y","Y","0","N","N","Y","Y","v78",14
96.2,"TAMU","FR","1","Asian","Y","N","0","N","N","Y","Y","v78",17
62.1,"TAMU","FR","1","White","N","N","0","N","N","Y","Y","v78",4
73.4,"TAMU","FR","0","White","Y","Y","0","N","N","Y","Y","v78",10
91.7,"TAMU","FR","1","Black","Y","Other","0","N","N","Y","Y","v78",14
94.7,"TAMU","FR","1","White","Y","Y","0","N","N","Y","Y","v78",17
94.8,"TAMU","FR","0","White","Other","Other","1-10","N","Y","Y","Y","v87",12
75.3,"TAMU","FR","1","White","Y","N","1-10","N","Y","Y","Y","v78",7
71.8,"TAMU","FR","missing","White","N","Y","0","N","N","Y","Y","v87",15
64,"TAMU","FR","1","Mixed","Y","Y","0","N","N","Y","Y","v87",12
80.9,"TAMU","FR","1","White","Y","N","0","N","N","Y","Y","v78",15
81.7,"TAMU","FR","0","White","Y","N","0","N","Y","Y","Y","v87",9
95.7,"TAMU","FR","0","Other","Y","N","0","N","N","Y","Y","v78",18
77.5,"TAMU","FR","1","White","Y","Y","0","N","N","Y","Y","v87",10
64.2,"TAMU","FR","0","White","N","N","0","N","N","Y","Y","v78",10
82.7,"TAMU","FR","1","White","Y","Y","0","N","N","Y","Y","v78",16
85.7,"TAMU","FR","0","White","Y","Y","0","N","N","Y","N","v78",16
84.7,"TAMU","SO","0","White","Y","Y","0","N","N","Y","Y","v87",10
86,"TAMU","FR","1","White","Y","Y","0","N","N","Y","Y","v78",14
90.8,"TAMU","FR","0","White","Y","Y","0","N","N","Y","Y","v78",15
93.3,"TAMU","SO","1","White","Y","Y","0","N","N","Y","Y","v87",10
91.3,"TAMU","FR","0","White","Y","N","0","N","N","Y","Y","v87",14
73.9,"TAMU","FR","0","White","Y","Y","0","N","N","Y","Y","v78",11
88.6,"TAMU","FR","1","Other","Y","N","0","N","N","Y","Y","v78",17
64.7,"TAMU","FR","1","Asian","Other","Other","0","N","N","Y","Y","v78",16
83.9,"TAMU","FR","0","White","Y","Y","0","N","N","Y","Y","v87",5
91.4,"TAMU","FR","0","White","Y","Y","0","N","N","Y","Y","v87",16
88.7,"TAMU","FR","0","White","Y","Y","0","N","N","N","N","v78",8
94.1,"TAMU","FR","0","White","Y","N","11-19","N","Y","Y","Y","v78",16
92.6,"TAMU","FR","1","White","Y","Y","0","N","N","Y","Y","v78",18
76.4,"TAMU","FR","0","White","Y","Y","0","N","N","Y","Y","v78",5
86.4,"TAMU","FR","0","Asian","Y","N","0","N","N","Y","Y","v78",13
96.3,"TAMU","FR","1","Hisp","Y","N","0","N","N","Y","Y","v87",17
86.5,"TAMU","FR","1","Hisp","Y","Y","0","N","N","Y","Y","v87",17
79.2,"TAMU","FR","0","White","Y","Y","0","N","N","Y","Y","v87",11
93.8,"TAMU","FR","0","Other","Y","Y","0","N","N","Y","Y","v78",16
66.4,"TAMU","FR","0","White","Y","Y","0","N","N","Y","Y","v78",6
95.4,"TAMU","FR","0","White","Y","Y","0","N","N","Y","Y","v87",14
84.4,"TAMU","FR","1","White","Y","Y","0","N","N","Y","Y","v78",12
95.2,"TAMU","SR","0","Asian","N","N","11-19","Y","N","Y","Y","v78",14
81.8,"TAMU","FR","0","Asian","Y","Y","0","N","N","Y","N","v87",15
86.8,"TAMU","FR","1","White","Y","Y","0","N","N","Y","Y","v87",11
90.8,"TAMU","FR","0","Mixed","Y","Other","0","N","N","Y","Y","v78",15
98.9,"TAMU","FR","0","White","Other","Y","0","N","N","Y","Y","v87",10
79.5,"TAMU","FR","0","White","Y","Y","0","N","N","Y","Y","v78",6
85.6,"TAMU","FR","0","Hisp","N","N","1-10","N","Y","Y","Y","v87",10
92.2,"TAMU","FR","1","White","Y","Other","0","N","N","Y","Y","v87",11
84.8,"TAMU","SO","1","Hisp","N","N","0","N","N","Y","Y","v87",16
88.8,"TAMU","SO","0","White","Y","Y","0","N","N","Y","Y","v87",9
38.8,"TAMU","SO","1","Mixed","Y","Y","20-29","N","Y","Y","Y","v87",2
61.5,"TAMU","FR","0","White","Y","N","20-29","N","N","Y","Y","v78",6
92.8,"TAMU","FR","1","Asian","Y","Y","0","N","N","Y","Y","v78",17
86.4,"TAMU","FR","0","White","Y","N","0","N","N","Y","Y","v78",12
90.2,"TAMU","FR","1","Asian","Y","Y","11-19","N","N","Y","Y","v78",17
71.7,"TAMU","FR","0","White","Y","N","1-10","N","Y","Y","Y","v78",16
72.9,"TAMU","FR","1","Hisp","N","N","0","N","N","Y","Y","v87",7
81.7,"TAMU","FR","0","White","Y","Y","0","N","N","Y","Y","v78",9
77.6,"TAMU","FR","1","White","Y","Y","11-19","N","Y","Y","Y","v78",6
79.2,"TAMU","JR","1","White","Y","Y","0","N","N","Y","Y","v87",14
74.4,"TAMU","FR","1","Mixed","N","N","0","N","N","Y","Y","v87",15
87.5,"TAMU","FR","1","Hisp","Y","Other","0","N","N","Y","Y","v78",13
77.1,"TAMU","FR","0","White","Y","N","0","N","N","Y","Y","v78",9
92.3,"TAMU","FR","0","White","Y","Other","0","N","N","Y","Y","v78",15
85.2,"TAMU","FR","1","White","Y","Y","0","N","N","Y","Y","v87",12
69.4,"TAMU","FR","0","White","Y","N","0","N","N","Y","Y","v87",11
53.8,"TAMU","FR","1","Black","N","Y","0","N","N","Y","Y","v78",4
66.9,"TAMU","FR","0","Hisp","N","N","0","N","N","Y","Y","v78",9
82.3,"TAMU","FR","1","Hisp","N","N","0","N","N","Y","Y","v87",12
69.2,"TAMU","SO","0","Hisp","N","N","0","N","N","Y","Y","v87",8
84.9,"TAMU","SO","0","White","Y","Y","1-10","Y","N","Y","Y","v87",11
94.8,"TAMU","FR","1","White","Y","Y","0","N","N","Y","Y","v87",20
98.5,"TAMU","FR","1","White","Y","N","0","N","N","Y","Y","v87",14
90.7,"TAMU","FR","0","White","Y","Y","0","N","N","Y","Y","v78",6
86.6,"TAMU","FR","0","White","Y","N","0","N","N","Y","Y","v78",15
82.6,"TAMU","FR","0","White","Y","N","0","N","N","Y","Y","v78",7
87.1,"TAMU","FR","1","White","Y","N","0","N","N","Y","Y","v87",13
71.3,"TAMU","FR","0","White","Y","Y","0","N","N","Y","N","v87",7
70.6,"TAMU","FR","0","White","Y","N","11-19","Y","Y","Y","Y","v87",10
84.5,"TAMU","FR","1","White","Y","N","0","N","N","Y","Y","v87",12
74.2,"TAMU","SO","0","White","Y","N","0","N","N","Y","Y","v78",10
50.8,"TAMU","FR","1","Mixed","Y","Y","11-19","N","N","Y","Y","v87",7
95.1,"TAMU","FR","0","White","Y","Y","0","N","N","Y","Y","v78",20
84.7,"TAMU","FR","0","White","Y","Y","0","N","N","Y","Y","v87",12
79.5,"TAMU","FR","0","Hisp","N","N","11-19","N","Y","Y","Y","v87",10
89.7,"TAMU","FR","0","White","Y","Y","0","N","N","Y","Y","v87",19
91.9,"TAMU","JR","1","Asian","Y","Y","0","N","N","Y","Y","v78",17
78.5,"TAMU","SO","1","Hisp","N","N","11-19","Y","N","Y","Y","v78",13
83.9,"TAMU","JR","0","Asian","Y","Y","0","N","N","Y","Y","v87",16
91.6,"TAMU","FR","0","White","Y","Y","0","N","N","Y","Y","v87",17
79.9,"TAMU","FR","1","White","Y","Y","0","N","N","Y","Y","v78",14
86.1,"TAMU","FR","0","White","Y","Y","0","N","N","Y","Y","v78",12
84.1,"TAMU","SR","1","White","Y","Y","1-10","Y","N","Y","Y","v78",19
74.9,"TAMU","SO","0","Hisp","Y","N","1-10","N","Y","Y","Y","v78",4
73.2,"TAMU","SO","0","White","Y","N","0","N","N","Y","Y","v78",4
79.1,"TAMU","FR","0","White","Y","Other","0","N","N","Y","Y","v87",12
89.2,"TAMU","FR","1","Other","Y","N","0","N","N","Y","N","v78",15
52.1,"TAMU","FR","0","White","Y","Other","0","N","N","Y","Y","v87",11
86.7,"TAMU","FR","1","White","Y","N","0","N","N","Y","Y","v78",12
60.8,"TAMU","FR","1","White","Y","Other","0","N","Y","Y","Y","v87",15
66.6,"TAMU","FR","missing","Mixed","Y","N","0","N","N","Y","Y","v87",10
56.5,"TAMU","SO","0","Black","Y","N","0","N","N","Y","Y","v87",7
89.5,"TAMU","FR","1","White","Y","Y","0","N","N","Y","Y","v87",13
80.5,"TAMU","FR","1","White","Y","Y","0","N","N","Y","Y","v87",19
93.1,"TAMU","FR","0","White","Y","Y","0","N","N","Y","Y","v87",13
91.3,"TAMU","FR","1","Mixed","Y","N","11-19","N","N","Y","Y","v78",15
85.2,"TAMU","FR","1","White","Y","Y","0","N","N","Y","Y","v87",16
74.1,"TAMU","FR","0","White","N","N","0","N","N","Y","Y","v78",6
73.3,"TAMU","FR","0","White","N","Y","0","N","N","Y","Y","v87",12
86.3,"TAMU","FR","0","Mixed","Y","N","0","N","N","Y","Y","v78",14
82.7,"TAMU","FR","0","White","Y","Other","0","N","N","Y","Y","v87",9
88.9,"TAMU","FR","1","White","Y","Y","0","N","N","Y","Y","v87",18
85,"TAMU","FR","0","Asian","N","N","0","N","N","Y","Y","v87",17
87.3,"TAMU","FR","0","Asian","Y","Y","0","N","N","Y","Y","v78",17
68.3,"TAMU","FR","0","Asian","N","N","0","N","N","Y","Y","v78",13
77.4,"TAMU","FR","0","White","Y","N","0","N","N","Y","Y","v87",15
88.5,"TAMU","FR","0","White","Y","Other","0","N","N","Y","Y","v78",7
83.3,"TAMU","FR","0","Hisp","Y","N","0","N","N","Y","Y","v87",17
94,"TAMU","FR","1","White","Y","Other","0","N","N","N","Y","v87",8
87.3,"TAMU","FR","0","White","N","N","0","N","N","Y","Y","v87",17
84.8,"TAMU","FR","0","White","Y","Y","0","N","N","Y","Y","v78",15
86,"TAMU","FR","0","Hisp","N","N","0","N","N","Y","Y","v87",15
95,"TAMU","FR","1","White","Y","Y","0","N","N","Y","Y","v78",12
82.7,"TAMU","FR","0","Black","Y","Y","0","N","N","Y","Y","v87",11
96.4,"TAMU","FR","1","White","Y","Y","0","N","N","Y","Y","v87",19
84.1,"TAMU","FR","missing","White","Y","Y","0","N","N","Y","Y","v78",11
86.2,"TAMU","FR","0","Asian","Y","Y","0","N","N","Y","Y","v78",9
87.4,"TAMU","FR","0","White","Y","N","20-29","N","Y","Y","Y","v78",18
91.9,"TAMU","FR","1","Asian","Y","N","0","N","N","Y","Y","v78",14
83.8,"TAMU","FR","1","White","Y","Y","20-29","N","Y","Y","Y","v78",18
91,"TAMU","SO","0","White","Y","Y","0","N","N","Y","Y","v78",9
95.3,"TAMU","FR","1","White","N","N","0","N","N","Y","Y","v87",18
92,"TAMU","FR","0","White","Y","Y","0","N","N","Y","Y","v78",10
69.9,"TAMU","JR","0","Hisp","N","N","0","N","N","Y","Y","v87",10
87.7,"TAMU","FR","1","White","Y","Y","0","N","N","Y","N","v87",19
93.2,"TAMU","FR","1","Other","Y","Y","0","N","N","Y","Y","v78",19
94.6,"TAMU","FR","0","Other","Y","N","0","N","N","Y","Y","v87",18
89.3,"TAMU","FR","0","Other","Y","N","0","N","N","Y","Y","v87",14
80.1,"TAMU","JR","0","Hisp","N","N","0","N","N","Y","Y","v78",5
81.3,"TAMU","FR","0","White","N","N","0","N","N","Y","Y","v87",8
85.6,"TAMU","FR","0","White","Y","Other","0","N","N","Y","Y","v78",12
71.8,"TAMU","FR","0","White","Y","Other","0","N","Y","Y","Y","v78",8
87.1,"TAMU","FR","0","White","Y","N","0","N","N","Y","Y","v87",4
88.8,"TAMU","FR","1","Asian","N","Other","0","N","N","Y","Y","v87",10
82.2,"TAMU","FR","1","Hisp","Y","Y","0","N","N","Y","Y","v87",19
71.4,"TAMU","JR","0","Hisp","Y","N","20-29","Y","Y","Y","Y","v87",8
47.4,"TAMU","FR","0","White","Y","Y","20-29","N","Y","Y","Y","v87",12
44.9,"TAMU","FR","1","White","Other","N","30-39","N","Y","Y","Y","v78",7
85,"TAMU","FR","0","White","Y","Y","0","N","N","Y","Y","v87",14
91.6,"TAMU","SO","0","White","Y","Y","0","N","N","Y","Y","v78",12
87.3,"TAMU","FR","0","White","Y","Y","0","N","N","Y","Y","v87",10
82,"TAMU","FR","1","White","Y","Y","0","N","N","Y","N","v87",6
68.6,"TAMU","FR","0","White","Y","Y","0","N","N","Y","Y","v87",7
92.5,"TAMU","FR","1","White","Y","N","0","N","N","Y","Y","v87",14
93.3,"TAMU","FR","0","White","Y","Y","0","N","N","Y","Y","v78",13
76.7,"TAMU","FR","0","Hisp","N","Other","0","N","N","Y","Y","v78",2
63.4,"TAMU","FR","1","White","Y","N","0","N","N","Y","N","v87",15
101.1,"TAMU","FR","0","White","Y","Y","0","N","N","Y","Y","v87",14
84.8,"TAMU","FR","0","White","Y","Y","0","N","N","Y","Y","v87",14
58.2,"TAMU","SO","0","Hisp","N","Y","0","N","N","Y","Y","v87",10
77.4,"TAMU","FR","0","Hisp","N","N","0","N","N","Y","Y","v87",12
89.6,"TAMU","FR","1","White","Y","Y","0","N","N","Y","Y","v87",20
87.5,"TAMU","FR","1","White","Y","Y","0","N","N","Y","Y","v87",11
85.1,"TAMU","FR","1","White","Y","Y","0","N","N","Y","Y","v78",9
73.3,"TAMU","SO","0","White","Y","N","0","N","N","Y","Y","v87",11
81.4,"TAMU","FR","0","White","Y","Y","0","N","N","Y","Y","v87",8
64.5,"TAMU","FR","0","White","Y","N","0","N","N","Y","N","v78",6
95.8,"TAMU","FR","0","White","Y","Y","0","N","N","Y","Y","v87",18
89.8,"TAMU","JR","0","White","Y","Y","0","N","N","Y","Y","v87",17
64.3,"TAMU","SO","0","Hisp","N","N","0","N","N","Y","Y","v78",11
71,"TAMU","FR","0","White","Y","Y","0","N","N","Y","Y","v87",5
67.2,"TAMU","SO","0","Hisp","N","Y","0","N","N","Y","Y","v78",8
89,"TAMU","SO","1","White","N","N","0","N","N","Y","Y","v78",17
74.6,"TAMU","FR","1","Asian","Y","Y","0","N","N","Y","Y","v78",18
87,"TAMU","SO","0","White","Y","N","0","N","N","Y","Y","v87",14
82.9,"TAMU","FR","0","Hisp","Y","N","0","N","N","Y","Y","v78",13
93.5,"TAMU","JR","1","Mixed","N","N","0","N","N","Y","Y","v78",16
85,"TAMU","FR","1","Hisp","Y","Y","0","N","N","Y","Y","v87",11
99.1,"TAMU","FR","1","White","Y","Y","0","N","N","Y","Y","v78",18
69.2,"TAMU","FR","0","White","Y","Y","0","N","N","Y","Y","v87",12
52,"TAMU","FR","0","Hisp","N","N","20-29","N","Y","Y","Y","v87",6
71.6,"TAMU","FR","0","Hisp","N","N","11-19","Y","N","Y","Y","v87",10
74,"TAMU","FR","0","Hisp","N","N","11-19","Y","N","Y","Y","v87",3
92.2,"TAMU","FR","0","Mixed","N","Other","0","N","N","Y","Y","v87",12
92.4,"TAMU","SO","0","Hisp","Y","N","0","N","N","Y","Y","v78",13
82.7,"TAMU","FR","1","Hisp","Y","Y","0","N","N","Y","Y","v78",10
84.4,"TAMU","JR","0","White","Y","Y","1-10","Y","N","Y","Y","v78",7
94.5,"TAMU","FR","0","White","Y","N","0","N","N","Y","Y","v87",17
87,"TAMU","SO","0","Hisp","N","N","0","N","N","Y","Y","v78",7
73.6,"TAMU","SO","0","Mixed","Y","N","0","N","N","Y","Y","v87",8
93.3,"TAMU","FR","1","Other","Y","Y","0","N","N","Y","N","v78",19
66,"TAMU","FR","1","Mixed","N","N","0","N","N","Y","Y","v87",10
86.4,"TAMU","FR","0","Hisp","Y","N","0","N","N","Y","Y","v87",17
89.6,"TAMU","FR","0","Hisp","Y","Y","0","N","N","Y","Y","v87",8
82.4,"TAMU","FR","0","Mixed","Y","Y","0","N","N","Y","Y","v87",16
60.3,"TAMU","FR","0","Hisp","N","N","0","N","N","Y","Y","v78",9
86.5,"TAMU","FR","1","White","Y","Other","1-10","Y","N","Y","Y","v78",14
90.6,"TAMU","FR","1","White","Y","N","0","N","N","Y","Y","v87",12
84.8,"TAMU","FR","0","White","Y","Y","0","N","N","Y","Y","v78",11
92.1,"TAMU","FR","0","White","Y","Other","0","N","N","Y","Y","v87",13
79.2,"TAMU","FR","0","Asian","Y","N","0","N","N","Y","Y","v87",11
91.9,"TAMU","FR","0","White","Y","Y","0","N","N","Y","Y","v78",19
67.4,"TAMU","SO","0","White","Y","Y","0","N","N","Y","Y","v78",6
67.1,"TAMU","FR","0","White","Y","Y","0","N","N","Y","Y","v87",10
88,"TAMU","FR","1","White","Y","Other","0","N","N","Y","Y","v78",13
94.9,"TAMU","FR","1","Hisp","Y","Other","0","N","N","Y","Y","v87",11
83.2,"TAMU","JR","0","White","Y","Y","1-10","Y","N","Y","Y","v78",7
91.6,"TAMU","FR","1","White","Y","Y","0","N","N","Y","N","v78",12
91.5,"TAMU","FR","0","Asian","Y","Y","0","N","N","Y","Y","v87",15
83.6,"TAMU","FR","0","Mixed","Y","Y","0","N","N","Y","Y","v78",10
86.8,"TAMU","FR","1","White","Y","N","0","N","N","Y","Y","v78",17
91.2,"TAMU","FR","0","White","Y","Y","0","N","N","Y","Y","v78",17
77.7,"TAMU","FR","1","Hisp","Y","N","0","N","N","Y","Y","v78",6
71.7,"TAMU","FR","0","White","N","Y","0","N","N","Y","Y","v87",11
84.7,"TAMU","FR","1","Mixed","Y","Y","0","N","N","Y","Y","v87",15
77.7,"TAMU","JR","0","White","Y","Y","0","Y","N","Y","Y","v87",7
86.5,"TAMU","FR","0","White","Y","N","0","N","N","Y","Y","v78",6
96.5,"TAMU","FR","1","White","Y","N","0","N","N","Y","Y","v87",13
83.6,"TAMU","FR","0","White","Y","Y","0","N","N","Y","Y","v78",20
89.5,"TAMU","FR","0","White","Y","Y","0","N","N","Y","Y","v87",13
77.2,"TAMU","SO","0","White","Y","Y","0","N","N","Y","Y","v78",10
71.7,"TAMU","FR","0","White","Y","Y","0","N","N","Y","Y","v87",7
84.3,"TAMU","FR","0","White","N","N","1-10","N","Y","Y","Y","v78",17
86.5,"TAMU","JR","0","White","Y","Y","0","N","N","Y","Y","v87",6
76.6,"TAMU","FR","0","White","Y","Y","0","N","N","Y","Y","v87",11
58.2,"TAMU","FR","1","White","Y","N","0","N","N","Y","Y","v87",9
76,"TAMU","SO","0","White","Y","N","0","N","N","Y","Y","v78",9
84.6,"TAMU","FR","0","White","Y","Y","0","N","N","Y","N","v87",13
87.5,"TAMU","FR","0","White","Y","Y","0","N","N","Y","Y","v78",14
69.2,"TAMU","FR","1","White","Y","Y","11-19","Y","N","Y","Y","v78",7
84.1,"TAMU","FR","0","White","Y","Y","0","N","N","Y","Y","v78",18
70.8,"TAMU","FR","0","White","Y","Y","0","N","N","Y","Y","v87",6
77.9,"TAMU","FR","0","Hisp","Y","Y","0","N","N","Y","Y","v78",8
87.3,"TAMU","FR","1","White","Y","Y","0","N","N","Y","Y","v78",20
76.9,"TAMU","FR","1","White","Y","Y","0","N","N","Y","Y","v78",14
83.4,"TAMU","SO","0","White","N","N","0","N","N","Y","Y","v87",5
66.8,"TAMU","FR","0","Mixed","N","N","0","N","N","Y","N","v87",9
80,"TAMU","FR","0","White","Y","N","0","N","N","Y","Y","v87",9
94.9,"TAMU","FR","1","Asian","Y","Y","0","N","N","Y","Y","v87",17
76.6,"TAMU","SO","0","Hisp","Y","N","0","N","N","Y","Y","v87",7
84.4,"TAMU","FR","0","White","Y","Y","0","N","Y","Y","Y","v87",6
67.3,"TAMU","FR","0","Hisp","Y","Y","0","N","N","N","Y","v87",7
80,"TAMU","FR","0","Hisp","Y","Y","0","N","N","Y","Y","v78",8
87.1,"TAMU","FR","1","White","Y","Other","1-10","N","Y","Y","Y","v87",14
92.9,"TAMU","FR","1","White","N","Other","0","N","N","Y","Y","v87",17
90.8,"TAMU","FR","1","White","Y","Y","0","N","N","Y","Y","v78",18
89,"TAMU","FR","0","White","Y","Y","0","N","N","Y","Y","v78",18
69.8,"TAMU","FR","0","White","Y","Y","0","N","N","Y","Y","v87",11
88.3,"TAMU","FR","1","Hisp","Y","N","0","N","N","Y","Y","v78",11
78.3,"TAMU","FR","0","White","Y","N","11-19","N","Y","Y","Y","v87",14
77.5,"TAMU","FR","1","Other","Y","N","0","N","N","Y","Y","v78",16
75,"TAMU","JR","0","White","Y","Y","1-10","Y","N","Y","Y","v87",13
79.1,"TAMU","SO","0","Asian","N","N","0","N","N","Y","Y","v87",20
88.6,"TAMU","FR","0","White","Y","Other","0","N","N","Y","Y","v78",19
79.7,"TAMU","FR","0","Mixed","Y","Y","0","N","N","Y","Y","v87",14
62.6,"TAMU","FR","0","Hisp","N","N","20-29","N","Y","Y","Y","v78",3
77,"TAMU","FR","1","Hisp","N","N","0","N","N","Y","Y","v78",15
87.2,"TAMU","FR","0","Hisp","N","Y","0","N","N","Y","Y","v87",9
65.2,"TAMU","FR","0","Hisp","N","N","0","N","N","Y","Y","v78",10
81.1,"TAMU","FR","1","Asian","Y","Y","0","N","N","Y","Y","v87",15
91.3,"TAMU","FR","0","White","Y","N","1-10","Y","N","Y","Y","v78",13
79.2,"TAMU","FR","0","Mixed","Y","Y","0","N","N","Y","Y","v78",9
75.6,"TAMU","SO","1","Hisp","N","N","0","N","N","Y","Y","v78",3
80,"TAMU","FR","1","White","Y","N","0","N","N","Y","Y","v87",14
78.7,"TAMU","SO","0","Mixed","Y","Y","1-10","N","Y","Y","Y","v87",10
92.6,"TAMU","FR","1","Other","Y","Y","0","N","N","Y","Y","v78",17
94.6,"TAMU","FR","1","White","Y","Y","0","N","N","Y","Y","v87",19
69.9,"TAMU","SO","0","Black","Y","N","11-19","Y","N","Y","Y","v87",15
76.8,"TAMU","FR","1","Other","N","N","0","N","N","Y","Y","v78",11
73.6,"TAMU","FR","0","White","Y","N","0","N","N","Y","Y","v78",7
85.9,"TAMU","SO","0","White","Y","Other","0","N","N","Y","Y","v78",16
83.2,"TAMU","SO","0","White","Y","Y","0","N","N","Y","Y","v87",10
94,"TAMU","FR","0","White","Y","Y","1-10","N","Y","Y","Y","v78",14
84.1,"TAMU","FR","0","White","Y","Y","20-29","N","N","Y","Y","v87",14
82,"TAMU","FR","1","Mixed","N","N","0","N","N","Y","Y","v78",13
87.7,"TAMU","SO","1","Other","Y","Y","11-19","N","Y","Y","Y","v87",11
83.8,"TAMU","FR","0","White","Y","Y","0","N","N","Y","Y","v78",13
69,"TAMU","FR","1","White","Y","Y","0","N","N","Y","Y","v78",10
87.9,"TAMU","SO","1","Mixed","Y","Y","0","N","N","Y","Y","v87",10
88.1,"TAMU","FR","0","White","N","N","0","N","N","Y","Y","v78",12
96.2,"TAMU","SO","0","White","Y","Y","11-19","Y","N","Y","Y","v87",15
85.4,"TAMU","FR","0","White","Y","N","1-10","N","Y","Y","Y","v78",17
77.6,"TAMU","FR","1","White","Y","N","0","N","N","Y","Y","v87",16
89.4,"TAMU","FR","1","Asian","Y","N","0","N","N","Y","Y","v87",20
81.8,"TAMU","FR","0","White","Y","Y","0","N","N","Y","Y","v87",12
80.7,"TSU","FR","0","Black","Y","N","0","N","N","Y","Y","v87",6
61.7,"TSU","JR","0","Asian","Y","Y","0","N","N","Y","Y","v87",1
68.5,"TSU","FR","0","White","Y","Y","0","N","N","Y","N","v78",2
79.8,"TSU","SO","0","White","Y","Y","11-19","N","Y","Y","Y","v78",5
50.1,"TSU","FR","1","Hisp","Y","Other","0","N","N","Y","Y","v78",5
83.6,"TSU","SO","0","White","Y","Y","0","N","N","Y","Y","v87",9
82,"TSU","SO","0","White","Y","Y","0","N","N","Y","N","v78",3
81.6,"TSU","JR","0","White","Y","Y","20-29","N","Y","Y","Y","v87",4
94,"TSU","FR","1","Mixed","Y","Y","0","N","N","Y","Y","v78",20
67,"TSU","FR","1","Other","Other","Other","0","N","N","Y","Y","v78",6
74.4,"TSU","FR","0","Hisp","N","N","0","N","N","Y","Y","v78",2
67.4,"TSU","JR","0","Mixed","N","N","40+","N","Y","Y","Y","v78",0
60,"TSU","SO","1","White","Y","Y","20-29","N","Y","Y","Y","v78",9
72.3,"TSU","JR","0","Mixed","Y","Y","20-29","N","Y","Y","N","v78",3
61.5,"TSU","JR","0","Mixed","N","N","1-10","N","Y","Y","Y","v87",5
61.9,"TSU","FR","1","Other","Other","Other","0","N","N","Y","Y","v78",9
78.4,"TSU","FR","0","Mixed","Y","Other","20-29","N","Y","Y","Y","v87",7
58.2,"TSU","JR","0","Mixed","Y","Y","20-29","N","Y","Y","Y","v87",2
66,"TSU","JR","1","Hisp","Y","Y","30-39","N","Y","Y","Y","v87",3
76.2,"TSU","FR","0","Black","Y","Y","0","N","N","Y","Y","v78",6
62.6,"TSU","FR","0","White","Y","N","11-19","N","Y","Y","Y","v87",2
75.3,"TSU","FR","0","Hisp","N","N","0","N","N","Y","Y","v87",2
90.5,"TSU","FR","1","White","Y","Y","0","N","N","Y","Y","v78",19
80.1,"TSU","FR","0","Hisp","Y","Other","0","N","N","Y","N","v78",9
79.1,"TSU","FR","0","Hisp","N","N","0","N","N","Y","Y","v78",14
67.4,"TSU","FR","1","Hisp","Y","N","0","N","N","Y","Y","v87",6
65.2,"TSU","FR","0","White","Y","N","0","N","N","Y","Y","v87",4
88.9,"TSU","FR","0","Mixed","Y","Y","1-10","N","Y","Y","Y","v78",10
77.6,"TSU","FR","0","White","N","N","0","N","N","Y","Y","v87",6
75.4,"TSU","FR","0","White","Y","Y","11-19","Y","N","Y","Y","v78",2
69.5,"TSU","FR","0","White","N","N","11-19","N","Y","Y","Y","v87",2
80.3,"TSU","FR","0","White","Y","N","30-39","N","Y","Y","Y","v87",1
73.6,"TSU","FR","1","White","Other","Other","0","N","N","Y","Y","v87",4
68.4,"TSU","FR","0","Hisp","Y","Other","0","N","N","Y","Y","v87",5
75.9,"TSU","FR","0","White","Y","Y","1-10","N","Y","Y","Y","v78",10
90.5,"TSU","FR","0","White","Y","Y","0","N","N","Y","Y","v87",5
47.3,"TSU","FR","1","Hisp","N","N","0","N","N","Y","Y","v87",6
75.7,"TSU","FR","1","Mixed","Y","Y","0","N","N","Y","Y","v87",6
69.2,"TSU","FR","1","Other","Y","N","0","N","N","Y","Y","v87",3
65.7,"TSU","FR","0","Hisp","Y","Other","0","N","N","Y","Y","v78",6
71.7,"TSU","FR","0","Asian","Y","N","0","N","N","Y","Y","v78",4
64.9,"TSU","JR","0","Hisp","Y","Y","30-39","N","Y","Y","Y","v78",9
70.7,"TSU","SO","1","White","Y","Y","0","N","N","Y","Y","v87",4
68.6,"TSU","SO","0","Hisp","N","N","0","N","N","Y","Y","v78",2
72.3,"TSU","SO","0","Hisp","N","N","0","N","N","Y","Y","v78",7
73.6,"TSU","FR","0","White","Y","Y","0","N","N","Y","Y","v87",12
55.6,"TSU","FR","0","Mixed","Y","Y","0","N","N","Y","Y","v78",6
88.6,"TSU","FR","0","Hisp","Y","Other","0","N","N","Y","Y","v87",7
89.2,"TSU","FR","0","Mixed","Y","Y","0","N","N","Y","Y","v87",7
81.6,"TSU","SO","0","White","Other","Other","0","N","N","Y","Y","v78",1
72.2,"TSU","SO","0","White","Y","Y","0","N","N","Y","Y","v78",4
99.2,"TSU","FR","0","White","Y","Y","0","N","N","Y","Y","v87",17
68.2,"TSU","FR","1","White","Y","Y","0","N","N","Y","Y","v78",1
95.2,"TSU","FR","0","Mixed","Y","Other","0","N","N","Y","Y","v78",3
75,"TSU","FR","0","White","Y","Y","0","N","N","Y","Y","v87",7
73.1,"TSU","FR","0","White","Y","Y","11-19","N","Y","Y","Y","v87",4
60.3,"TSU","JR","1","White","N","N","11-19","N","Y","Y","Y","v78",10
68.6,"TSU","SO","1","Hisp","N","N","0","N","N","Y","Y","v78",14
81.1,"TSU","FR","1","Asian","Y","Y","0","N","N","Y","Y","v78",15
49.6,"UNTB","FR","missing","Black","Y","Y","11-19","Y","N","Y","Y","v87",5
76.6,"UNTB","FR","1","Other","Y","Other","11-19","N","N","Y","N","v87",9
67.5,"UNTB","FR","1","Mixed","N","N","0","N","N","Y","N","v87",4
70.2,"UNTB","SO","1","Other","Y","Y","0","N","N","Y","N","v78",3
59.1,"UNTB","SO","1","Other","Y","N","0","N","N","Y","N","v87",15
87.6,"UNTB","FR","0","White","Y","Other","11-19","N","Y","Y","Y","v78",5
69.7,"UNTB","JR","1","Hisp","Y","Other","0","N","N","Y","Y","v78",6
77.5,"UNTB","SO","1","Hisp","N","N","20-29","N","Y","Y","Y","v78",9
92.4,"UNTB","FR","1","Hisp","N","N","20-29","Y","N","Y","Y","v87",11
70.9,"UNTB","JR","1","White","N","Other","30-39","N","Y","N","Y","v78",4
66.6,"UNTB","JR","1","Hisp","Y","Other","20-29","N","Y","Y","Y","v87",15
89.8,"UNTB","FR","1","Asian","Y","N","0","N","N","Y","N","v78",12
76.3,"UNTB","FR","1","Hisp","Y","Other","20-29","N","Y","Y","Y","v78",10
60.4,"UNTB","SO","1","White","Y","Other","0","N","N","Y","Y","v78",3
80.5,"UNTB","FR","1","Hisp","N","N","20-29","Y","Y","Y","Y","v87",8
85.7,"UNTB","JR","0","Black","Y","N","0","N","N","Y","Y","v78",5
86.6,"UNTB","JR","1","White","N","N","11-19","N","Y","Y","Y","v78",15
50.5,"UNTB","SO","0","Black","Y","N","1-10","N","Y","Y","Y","v78",5
75.1,"UNTB","FR","0","White","N","Other","0","N","N","Y","Y","v78",6
68.6,"UNTB","FR","0","Hisp","Y","N","0","N","N","Y","Y","v87",7
87,"UNTB","SO","1","Hisp","N","N","11-19","N","Y","N","Y","v78",8
77.2,"UNTB","JR","1","White","Y","Y","20-29","N","Y","Y","Y","v87",15
75.4,"UNTB","JR","1","Mixed","Y","N","40+","N","Y","N","Y","v87",7
76.4,"UNTB","FR","0","Hisp","N","N","0","N","N","Y","Y","v78",9
55.2,"UNTB","FR","1","Hisp","N","N","0","N","N","Y","Y","v87",3
96.5,"UNTB","FR","1","Asian","Y","N","11-19","N","N","Y","N","v78",15
74.8,"UNTB","JR","0","White","Y","Y","30-39","N","Y","Y","Y","v87",3
84.5,"UNTB","JR","1","White","Y","Y","20-29","N","Y","Y","Y","v87",17
82.9,"UNTB","FR","0","Mixed","Y","Y","20-29","Y","N","Y","Y","v87",15
67.6,"UNTB","FR","1","Black","Y","Y","0","N","Y","N","Y","v78",15
78.9,"UNTB","SO","1","Asian","N","N","11-19","N","Y","Y","Y","v87",11
76.7,"UNTB","FR","1","White","Y","Y","0","N","N","N","Y","v87",8
92.4,"UNTB","FR","1","White","Y","Y","0","N","N","Y","Y","v78",17
82.4,"UNTB","FR","1","Mixed","N","N","20-29","N","Y","Y","Y","v78",15
66.1,"UNTB","FR","0","Mixed","Y","N","11-19","N","Y","Y","Y","v87",9
83.8,"UNTB","JR","1","Mixed","Y","Y","11-19","N","Y","Y","Y","v87",8
98.1,"UNTB","FR","1","White","Y","Y","11-19","N","Y","Y","Y","v78",17
77.3,"UNTB","SO","0","White","N","N","0","N","N","N","N","v78",9
89.8,"UNTB","FR","1","White","Y","Y","0","N","N","Y","Y","v87",8
69.4,"UNTB","SO","1","Hisp","N","N","0","N","N","Y","Y","v87",5
36.1,"UNTB","FR","0","Hisp","Y","Y","0","N","N","Y","Y","v87",0
67.4,"UNTB","SO","1","Hisp","N","N","30-39","N","Y","Y","Y","v78",5
80.8,"UNTB","FR","1","Black","Y","N","11-19","N","Y","Y","Y","v87",5
76.6,"UNTB","SO","1","White","Y","Other","30-39","N","Y","Y","Y","v78",4
70.6,"UNTB","JR","1","Hisp","N","N","0","N","N","N","Y","v78",1
72.2,"UNTB","JR","0","Hisp","N","N","0","N","N","Y","Y","v87",4
40.5,"UNTB","FR","0","Black","Y","Other","0","N","N","Y","Y","v78",1
48.3,"UNTB","JR","1","Hisp","N","N","20-29","N","Y","Y","Y","v87",4
79.9,"UNTB","FR","0","White","N","N","0","N","N","Y","Y","v87",7
85.1,"UNTB","SO","1","White","Y","Y","0","N","N","Y","Y","v78",2
65.9,"UNTB","FR","0","Hisp","N","N","0","N","N","Y","Y","v87",5
54.9,"UNTB","SO","1","White","Y","Y","0","N","N","Y","Y","v87",16
80.8,"UNTB","SR","0","White","N","Other","0","N","N","N","Y","v87",6
78,"UNTB","FR","0","Asian","N","N","0","N","N","Y","N","v78",14
45.4,"UNTB","FR","1","Black","Y","Other","0","N","N","Y","Y","v78",5
81.8,"UNTB","FR","0","Black","N","N","0","N","N","Y","Y","v78",3
69.8,"UNTB","JR","0","Black","Y","Y","0","N","N","Y","Y","v87",5
41.1,"UNTB","SO","0","White","Y","Other","40+","N","Y","Y","Y","v78",5
90.3,"UNTB","FR","1","Black","Y","Other","11-19","N","Y","Y","Y","v78",13
77.3,"UNTB","SR","0","White","Y","Y","0","N","N","N","Y","v78",9
88.3,"UNTB","SO","1","Black","Y","Y","0","N","N","Y","Y","v78",13
67.8,"UNTB","SO","0","Asian","Y","N","0","N","N","Y","Y","v78",4
79.8,"UNTB","FR","1","White","Y","Y","0","N","N","Y","Y","v78",9
90.1,"UNTB","FR","0","Asian","Y","N","0","N","N","Y","Y","v78",9
85.8,"UNTB","SO","1","Hisp","N","N","0","N","N","Y","Y","v78",13
76.7,"UNTB","FR","1","Mixed","Y","Y","0","N","N","Y","Y","v87",3
92.2,"UNTB","SO","1","Mixed","Y","Other","11-19","N","Y","Y","Y","v78",8
62.2,"UNTB","FR","0","Mixed","Y","N","0","N","N","Y","Y","v87",9
91.7,"UNTB","FR","0","Hisp","N","N","1-10","N","Y","Y","Y","v78",5
48.9,"UNTB","FR","0","Hisp","Y","N","11-19","N","Y","Y","Y","v87",5
80.8,"UNTB","JR","1","Other","N","N","40+","N","Y","N","Y","v78",10
86.8,"UNTB","JR","1","Mixed","Y","Other","30-39","N","Y","Y","Y","v78",10
74.8,"UNTB","FR","1","Mixed","Y","Y","30-39","N","Y","Y","Y","v87",17
87.6,"UNTB","SR","1","Hisp","N","N","20-29","N","Y","Y","Y","v78",10
52.2,"UNTB","JR","1","Hisp","N","N","40+","N","Y","N","Y","v87",6
81.9,"UNTB","FR","1","White","Y","Y","20-29","N","Y","Y","Y","v87",19
59.1,"UNTB","FR","1","White","Y","Y","11-19","Y","N","Y","Y","v87",10
87.3,"UNTB","FR","0","White","Y","N","0","N","N","Y","Y","v78",3
81.6,"UNTB","FR","0","Other","Y","Other","1-10","N","Y","Y","Y","v87",4
73.9,"UNTB","FR","1","Hisp","Y","N","11-19","N","N","Y","Y","v87",4
77.3,"UNTB","FR","1","Hisp","N","N","20-29","N","Y","Y","Y","v78",10
80.4,"UNTB","FR","1","White","Y","N","0","N","N","Y","Y","v78",16
29.5,"UNTB","FR","1","Black","N","N","11-19","Y","N","Y","Y","v78",1
71.4,"UNTB","FR","0","Asian","Y","N","11-19","Y","N","Y","Y","v87",7
57.1,"UNTB","FR","0","Asian","N","N","0","N","N","Y","Y","v87",4
66.5,"UNTB","FR","0","White","Y","Y","20-29","N","Y","Y","Y","v78",5
86,"UNTB","FR","0","White","Y","Other","0","N","N","Y","Y","v87",14
45.6,"UNTB","FR","1","Black","Y","Other","0","N","N","Y","Y","v87",3
94.4,"UNTB","FR","1","Hisp","N","N","0","N","N","Y","Y","v78",12
88.8,"UNTB","FR","1","Mixed","Y","Y","0","N","N","Y","Y","v87",14
72.6,"UNTB","FR","1","Asian","Y","N","0","N","N","Y","Y","v78",15
60.2,"UNTB","FR","1","Mixed","Y","Y","40+","N","Y","Y","N","v87",4
45.9,"UNTB","SO","1","Hisp","N","N","0","N","N","Y","Y","v78",4
85.6,"UNTB","SO","0","White","Y","Y","11-19","Y","N","Y","Y","v87",10
65.8,"UNTB","SO","1","White","Y","Y","0","N","N","N","Y","v78",1
68.5,"UNTB","FR","1","White","Y","Y","0","N","N","Y","Y","v78",9
85.9,"UNTB","JR","1","White","N","N","0","N","N","Y","Y","v87",9
78,"UNTB","SO","1","Mixed","Y","Y","11-19","N","Y","Y","Y","v78",15
67.7,"UNTB","FR","0","Hisp","N","N","0","N","N","Y","Y","v78",2
43.8,"UNTB","FR","1","Hisp","Y","Y","0","N","N","Y","Y","v87",15
75.6,"UNTB","FR","1","White","Y","N","0","N","N","Y","Y","v78",11
89.8,"UNTB","FR","0","White","Y","Y","0","N","N","Y","Y","v78",10
74.3,"UNTB","JR","0","Hisp","N","N","1-10","N","Y","Y","Y","v78",1
95.4,"UNTB","FR","0","White","Y","Y","1-10","N","Y","Y","N","v78",9
66.5,"UNTB","JR","0","White","Y","Y","11-19","Y","N","Y","Y","v87",5
96.6,"UNTB","SO","1","White","Y","Y","1-10","N","Y","Y","Y","v78",3
85.2,"UNTB","JR","1","Black","Y","Other","0","N","N","Y","Y","v87",4
79.2,"UNTB","FR","0","White","N","N","0","N","N","Y","Y","v87",14
76.9,"UNTB","FR","1","White","Y","N","0","N","N","Y","Y","v78",8
68.1,"UNTB","FR","0","White","Y","Other","0","N","N","Y","Y","v87",4
74.6,"UNTB","JR","0","Mixed","Y","N","20-29","N","Y","Y","Y","v78",14
71.5,"UNTB","FR","1","Mixed","Y","N","11-19","Y","N","Y","Y","v87",7
97.6,"UNTB","FR","0","Other","Y","Y","0","N","N","Y","Y","v78",16
68,"UNTB","JR","0","White","Y","Other","30-39","N","Y","Y","Y","v78",7
57.3,"UNTB","SO","1","White","N","N","20-29","N","Y","Y","Y","v87",11
92.9,"UNTB","FR","0","White","Y","Y","0","N","N","Y","Y","v87",16
72.7,"UNTB","FR","0","Black","Y","Y","11-19","N","Y","Y","N","v87",10
87.8,"UNTB","SR","1","Asian","N","N","20-29","Y","Y","N","N","v78",15
73.9,"UNTB","FR","1","Hisp","N","N","20-29","N","Y","Y","Y","v78",2
82.7,"UNTB","SO","0","White","Y","Y","0","N","N","Y","Y","v87",14
68,"UNTB","JR","1","White","Y","Other","11-19","N","Y","Y","Y","v87",2
92.8,"UNTB","FR","1","White","Y","N","0","N","N","Y","Y","v78",11
76.6,"UNTB","SR","0","Asian","Y","N","20-29","N","Y","N","N","v87",9
78.1,"UNTB","SO","1","Other","Y","Other","0","N","N","Y","Y","v78",7
89.6,"UNTB","FR","1","Hisp","Y","Y","0","N","N","Y","Y","v87",13
61.6,"UNTB","SO","0","Mixed","Y","Y","0","N","N","Y","Y","v87",2
85.3,"UNTB","SR","0","White","Y","N","0","N","N","Y","N","v78",10
82.9,"UNTB","SO","1","White","Y","Other","0","N","N","Y","Y","v78",7
62.5,"UNTB","FR","1","Hisp","N","N","0","N","N","Y","Y","v87",11
83.6,"UNTB","FR","0","White","Y","Y","20-29","Y","N","Y","Y","v87",8
73.4,"UNTB","FR","0","Black","N","N","11-19","Y","N","Y","Y","v78",1
70.8,"UNTB","SO","1","White","Y","Other","30-39","N","Y","Y","Y","v87",12
58.9,"UNTB","SR","1","White","N","N","40+","N","Y","N","N","v87",7
47.1,"UNTB","SO","0","Other","Y","Other","0","N","N","Y","Y","v87",10
36.1,"UNTB","FR","0","Hisp","N","N","20-29","N","Y","Y","Y","v78",2
58.6,"UNTB","SO","1","Hisp","N","N","40+","N","Y","Y","Y","v87",10
86.2,"UNTW","SO","0","Asian","Y","N","20-29","N","Y","Y","Y","v78",6
69.2,"UNTW","FR","0","Other","Y","Y","0","N","N","Y","Y","v78",5
72,"UNTW","SO","1","White","Y","N","0","N","N","Y","Y","v78",7
81.7,"UNTW","FR","1","Black","N","N","0","N","N","Y","Y","v78",12
57.4,"UNTW","FR","0","White","Y","Other","0","N","N","Y","Y","v87",4
75.3,"UNTW","FR","1","Hisp","Y","Other","0","N","N","Y","Y","v78",5
80.9,"UNTW","FR","0","Asian","Y","N","0","N","N","Y","Y","v87",5
83.8,"UNTW","SO","0","White","Y","N","0","N","N","Y","Y","v78",1
91.5,"UNTW","SO","1","White","N","N","0","N","N","N","Y","v78",4
51.3,"UNTW","SO","1","Mixed","N","Y","20-29","N","Y","Y","Y","v78",6
65,"UNTW","FR","0","Hisp","N","N","0","Y","N","Y","Y","v87",8
85.5,"UNTW","FR","1","Black","N","Y","0","N","N","Y","Y","v87",8
87.8,"UNTW","SO","0","White","N","N","11-19","N","Y","Y","Y","v87",6
82.2,"UNTW","SO","1","White","Y","N","20-29","N","Y","Y","Y","v87",12
69.8,"UNTW","FR","0","Mixed","Y","N","11-19","Y","Y","Y","Y","v87",3
79.3,"UNTW","JR","1","White","Y","N","30-39","N","Y","Y","Y","v78",10
75.7,"UNTW","FR","0","Hisp","Y","N","0","N","N","Y","Y","v87",5
56.8,"UNTW","SO","1","Hisp","N","N","0","N","N","Y","Y","v78",9
74.1,"UNTW","FR","0","Asian","N","N","11-19","N","Y","Y","Y","v87",2
80.8,"UNTW","FR","0","Mixed","Y","N","11-19","N","Y","Y","Y","v78",12
78.4,"UNTW","JR","1","Hisp","N","N","20-29","Y","N","Y","Y","v87",15
88.8,"UNTW","SO","1","White","Y","N","0","N","N","Y","Y","v78",14
49.9,"UNTW","FR","0","Mixed","N","N","20-29","N","Y","Y","Y","v87",1
35.7,"UNTW","FR","1","White","Y","Other","0","N","N","Y","Y","v78",7
100.4,"UNTW","SO","1","Mixed","Y","Other","0","N","N","Y","Y","v78",19
61.9,"UNTW","SO","0","White","Y","Y","0","N","N","Y","Y","v78",9
91,"UNTW","SO","1","White","Other","Other","0","N","N","N","Y","v87",5
85,"UNTW","FR","1","Asian","N","N","1-10","N","N","Y","N","v87",15
89.1,"UNTW","FR","0","Black","Y","Y","0","N","N","Y","Y","v87",8
84.8,"UNTW","JR","missing","Hisp","N","N","0","N","Y","Y","Y","v78",5
62.5,"UNTW","FR","1","Hisp","N","N","0","N","N","Y","Y","v87",10
94.2,"UNTW","FR","0","Black","Y","Other","0","N","N","Y","Y","v78",17
87,"UNTW","FR","1","Hisp","Y","Other","11-19","N","N","Y","Y","v78",6
77.6,"UNTW","SO","0","Mixed","Y","N","0","N","N","Y","Y","v78",12
87.6,"UNTW","SO","0","White","Y","Other","11-19","Y","N","Y","Y","v87",13
96.3,"UNTW","SO","0","Hisp","Y","N","0","N","N","Y","Y","v78",17
85.1,"UNTW","SO","0","Black","N","Other","1-10","N","Y","Y","Y","v78",2
71.2,"UNTW","JR","1","White","Y","Y","11-19","N","Y","Y","Y","v87",16
95.6,"UNTW","FR","0","White","Y","Y","0","N","N","Y","Y","v87",13
74.1,"UNTW","FR","1","Hisp","N","N","0","N","N","Y","Y","v87",6
46.9,"UNTW","FR","1","Black","N","N","0","N","N","Y","Y","v87",5
76.5,"UNTW","FR","1","Hisp","N","N","0","N","N","Y","Y","v78",5
74.2,"UNTW","FR","1","Hisp","N","N","0","N","N","Y","Y","v78",12
95,"UNTW","SO","1","Hisp","Y","Y","0","N","N","Y","N","v87",8
68.7,"UNTW","SO","0","White","N","Other","0","N","N","Y","Y","v87",3
74.9,"UNTW","FR","1","Hisp","N","N","11-19","N","Y","N","Y","v87",9
80.5,"UNTW","JR","0","White","N","N","0","N","N","Y","Y","v87",6
89.3,"UNTW","FR","0","Hisp","N","N","0","N","N","Y","Y","v87",17
89.1,"UNTW","SO","0","Hisp","Y","Y","0","N","N","Y","Y","v87",4
98,"UNTW","SO","0","Hisp","Y","Y","0","N","N","Y","Y","v87",14
47.9,"UNTW","FR","0","Hisp","N","N","0","N","N","Y","Y","v78",5
69,"UNTW","FR","1","Hisp","N","N","0","N","N","Y","Y","v87",13
79.8,"UNTW","FR","0","Other","Y","Y","0","N","N","Y","Y","v87",3
83.4,"UNTW","FR","1","Black","Y","Y","0","N","N","Y","Y","v87",9
42.6,"UNTW","FR","0","White","Y","N","11-19","N","Y","Y","Y","v87",2
83.1,"UNTW","SO","1","White","N","Y","0","N","N","Y","Y","v87",13
59.5,"UNTW","SO","1","White","Y","N","20-29","N","Y","Y","Y","v78",1
65.4,"UNTW","FR","0","Asian","N","N","11-19","N","Y","Y","Y","v78",8
62.3,"UNTW","SO","1","Asian","N","N","20-29","N","Y","Y","Y","v87",2
79.7,"UNTW","FR","0","Asian","Y","N","0","N","N","Y","Y","v78",7
64.4,"UNTW","FR","0","Asian","Y","Other","0","N","N","Y","Y","v78",8
87.3,"UNTW","SO","1","Hisp","N","N","0","N","N","N","Y","v87",18
81.9,"UNTW","SO","0","Mixed","Y","Other","0","N","N","Y","Y","v87",5
95.1,"UNTW","FR","0","White","N","N","0","N","N","Y","Y","v78",12
52.3,"UNTW","SO","0","Black","Y","Other","0","N","N","Y","Y","v78",2
68.2,"UNTW","FR","1","Hisp","N","N","0","N","N","Y","Y","v78",9
62.7,"UNTW","SO","1","White","N","N","40+","N","Y","Y","Y","v87",10
71.2,"UNTW","SO","0","Asian","Other","Other","20-29","N","Y","Y","Y","v78",14
81.1,"UNTW","SO","1","Hisp","Y","Y","0","N","N","Y","Y","v78",3
85.4,"UNTW","FR","0","Hisp","N","N","0","N","N","Y","N","v78",8
95.3,"UNTW","FR","1","Asian","N","Other","11-19","N","N","Y","Y","v87",12
76.8,"UNTW","JR","1","Hisp","N","N","0","N","N","Y","Y","v78",9
89.7,"UNTW","JR","1","Mixed","Y","N","20-29","N","Y","N","Y","v87",5
90.4,"UNTW","SR","0","White","Y","Y","1-10","N","Y","Y","Y","v78",14
47.7,"UNTW","FR","1","White","N","N","11-19","N","Y","Y","Y","v78",4
74.9,"UNTW","FR","0","Mixed","N","Other","0","N","N","Y","Y","v87",5
60.1,"UNTW","JR","0","Hisp","N","N","20-29","N","Y","Y","Y","v78",19
86.3,"UNTW","SR","1","Mixed","Y","N","0","N","N","Y","Y","v87",5
91.2,"UNTW","SO","1","White","Y","Other","11-19","Y","N","Y","Y","v87",11
60.7,"UNTW","FR","0","Hisp","N","N","1-10","N","Y","Y","Y","v78",6
57.3,"UNTW","SO","1","Hisp","Y","N","0","N","N","Y","Y","v78",7
83.5,"UNTW","FR","0","Asian","Y","N","11-19","N","Y","Y","Y","v78",9
61.6,"UNTW","FR","0","Hisp","Y","N","0","N","N","Y","Y","v87",6
87.6,"UNTW","FR","0","White","Y","Other","0","N","N","N","Y","v78",6
78,"UNTW","JR","1","Hisp","N","N","0","N","N","Y","Y","v87",7
91.6,"UNTW","FR","0","Asian","N","N","0","N","N","Y","Y","v87",7
73.4,"UNTW","FR","0","Mixed","N","N","0","N","N","Y","Y","v87",2
84.4,"UNTW","FR","1","Asian","N","N","0","N","N","Y","Y","v87",5
96.8,"UNTW","SO","0","Asian","Y","N","11-19","N","Y","Y","Y","v78",13
64.7,"UNTW","JR","0","Black","N","N","20-29","Y","N","Y","Y","v78",4
58.6,"UNTW","FR","0","Hisp","Y","N","0","N","N","Y","Y","v87",1
60.7,"UNTW","FR","1","Mixed","N","N","0","N","N","Y","Y","v78",4
76.4,"UNTW","FR","1","Mixed","Y","Y","0","N","N","Y","Y","v78",5
67.4,"UNTW","SO","1","Hisp","Y","N","11-19","N","Y","Y","Y","v78",2
70.5,"UNTW","FR","1","Hisp","N","N","0","N","N","Y","Y","v78",11
68.3,"UNTW","FR","0","Other","Y","N","0","N","N","Y","Y","v78",6
86.7,"UTXW","FR","1","Hisp","N","N","0","N","N","Y","Y","v87",8
94.5,"UTXW","FR","0","White","Y","Y","0","N","N","Y","N","v87",7
97.8,"UTXW","FR","1","Hisp","Y","N","0","N","N","Y","Y","v87",11
91.2,"UTXW","FR","0","Mixed","N","N","0","N","N","Y","Y","v78",16
78.8,"UTXW","FR","0","Mixed","Y","Y","0","N","N","Y","N","v87",11
91.9,"UTXW","FR","0","Black","Y","Y","11-19","N","Y","Y","Y","v78",19
73.3,"UTXW","FR","0","Black","N","Y","0","N","N","Y","Y","v87",9
93.6,"UTXW","FR","1","Hisp","Y","Other","0","N","N","Y","Y","v87",9
89.7,"UTXW","FR","0","Mixed","N","N","0","N","N","Y","Y","v78",8
87.5,"UTXW","FR","0","Black","N","N","0","N","N","Y","Y","v78",12
87.9,"UTXW","FR","1","Hisp","N","N","0","N","N","Y","Y","v78",9
96.9,"UTXW","FR","0","Hisp","N","N","0","N","N","Y","Y","v87",12
74.7,"UTXW","FR","1","White","Y","Y","0","N","N","Y","N","v78",10
84.5,"UTXW","FR","1","Hisp","N","N","0","N","N","Y","Y","v87",10
73.8,"UTXW","FR","0","Asian","Other","Other","0","N","N","Y","Y","v78",8
71.1,"UTXW","FR","0","Hisp","Y","Y","0","N","N","Y","Y","v78",6
91.1,"UTXW","FR","1","Hisp","N","N","0","N","N","Y","Y","v78",20
87.6,"UTXW","FR","0","Black","Y","Other","0","N","N","Y","Y","v87",9
81.3,"UTXW","FR","1","White","Y","N","0","N","N","Y","Y","v78",9
83.5,"UTXW","FR","0","Hisp","Y","N","1-10","N","Y","Y","Y","v78",11
95.7,"UTXW","FR","1","Hisp","Other","N","0","N","N","Y","N","v78",16
104.7,"UTXW","FR","1","Mixed","Y","N","0","N","N","Y","N","v87",17
86.5,"UTXW","FR","1","White","N","Y","20-29","N","Y","Y","N","v78",14
96.2,"UTXW","FR","0","Hisp","N","N","0","N","N","Y","Y","v87",16
67,"UTXW","FR","0","Hisp","N","N","20-29","N","Y","Y","Y","v78",7
85,"UTXW","FR","0","Hisp","N","N","0","N","N","Y","Y","v87",15
73.9,"UTXW","FR","0","Hisp","Y","N","0","N","N","Y","Y","v87",12
96.1,"UTXW","FR","0","White","Y","Other","1-10","Y","N","Y","Y","v87",11
93.1,"UTXW","FR","0","Black","Y","Y","0","N","N","Y","Y","v78",3
71.9,"UTXW","FR","0","White","Y","Y","0","N","N","Y","Y","v78",4
82.1,"UTXW","FR","0","Hisp","N","N","0","N","N","Y","Y","v78",18
92.7,"UTXW","SO","1","Hisp","Y","Y","1-10","Y","N","Y","Y","v78",7
84.7,"UTXW","FR","0","Other","Y","Other","0","N","N","Y","Y","v78",12
80.8,"UTXW","FR","0","Hisp","N","N","0","N","N","Y","Y","v87",12
82.2,"UTXW","FR","1","White","Y","N","1-10","N","Y","Y","Y","v78",17
85,"UTXW","FR","1","Asian","N","N","0","N","N","Y","Y","v78",13
81.3,"UTXW","FR","0","Asian","N","N","0","N","N","Y","Y","v87",13
91.8,"UTXW","FR","0","White","Y","Y","0","N","N","Y","Y","v87",10
69.4,"UTXW","FR","1","Hisp","Y","N","0","N","N","Y","Y","v87",9
72.9,"UTXW","FR","1","Hisp","N","N","20-29","N","Y","Y","Y","v78",10
64.7,"UTXW","FR","0","Black","Y","Other","1-10","Y","N","Y","Y","v78",3
92.3,"UTXW","FR","0","White","Y","Y","0","N","N","Y","Y","v87",15
75.4,"UTXW","FR","1","Hisp","N","N","1-10","N","Y","Y","Y","v87",11
79.9,"UTXW","FR","0","Black","Y","Y","0","N","N","Y","Y","v87",4
94.3,"UTXW","FR","0","Hisp","Y","Other","0","N","N","Y","Y","v78",16
68.1,"UTXW","FR","1","Black","N","N","20-29","Y","N","Y","Y","v78",7
81.6,"UTXW","FR","0","Hisp","N","N","0","N","N","Y","Y","v78",12
98.9,"UTXW","FR","1","Hisp","N","N","0","N","N","Y","Y","v78",18
93.4,"UTXW","FR","0","Hisp","Y","Other","0","N","N","Y","Y","v87",12
82.5,"UTXW","FR","1","Hisp","N","N","0","N","N","Y","Y","v87",16
79.3,"UTXW","FR","0","White","Y","Y","0","N","N","Y","N","v78",7
94.1,"UTXW","FR","0","Hisp","Y","N","0","N","N","Y","Y","v87",12
85.3,"UTXW","FR","0","Asian","Y","Other","0","N","N","Y","N","v87",19
99.1,"UTXW","FR","0","White","Y","N","0","N","N","Y","Y","v78",9
80.6,"UTXW","FR","1","Mixed","Y","Y","0","N","N","Y","N","v87",13
72.7,"UTXW","FR","0","Black","Y","N","11-19","N","Y","Y","Y","v78",9
78.6,"UTXW","FR","1","Black","Y","N","11-19","Y","N","Y","Y","v87",13
94.1,"UTXW","FR","0","Hisp","Y","Y","0","N","N","Y","Y","v87",17
77.7,"UTXW","FR","0","Hisp","N","N","0","N","N","Y","Y","v87",11
70.6,"UTXW","FR","0","Hisp","Y","Y","0","N","N","Y","Y","v78",7
85.8,"UTXW","FR","0","Hisp","Y","Other","1-10","N","Y","Y","Y","v87",11
85.3,"UTXW","FR","1","Hisp","N","N","0","N","N","Y","Y","v78",8
95.4,"UTXW","FR","0","Asian","N","N","0","N","N","Y","Y","v87",10
75.1,"UTXW","FR","0","Asian","N","N","11-19","Y","N","Y","Y","v87",15
95.7,"UTXW","FR","0","Mixed","Y","Other","0","N","N","Y","Y","v87",14
96.2,"UTXW","FR","0","Mixed","Y","Y","0","N","N","Y","Y","v87",13
102.4,"UTXW","FR","1","Black","Y","N","1-10","Y","N","Y","Y","v78",16
81,"UTXW","FR","1","Hisp","N","N","0","N","N","Y","Y","v78",13
90.4,"UTXW","FR","0","Hisp","N","N","0","N","N","Y","Y","v78",12
98.9,"UTXW","FR","0","Hisp","N","N","1-10","N","Y","Y","Y","v87",8
84.9,"UTXW","FR","1","Hisp","N","N","0","N","N","Y","Y","v87",12
71.9,"UTXW","FR","1","Hisp","Y","Y","0","N","N","Y","Y","v87",2
95.2,"UTXW","FR","0","Hisp","Y","N","0","N","N","Y","Y","v78",19
71.9,"UTXW","FR","0","Hisp","N","N","0","N","N","Y","Y","v87",4
74.5,"UTXW","FR","0","Asian","Y","N","0","N","N","Y","Y","v78",9
73.8,"UTXW","FR","1","White","N","Y","0","N","N","Y","Y","v78",9
84.1,"UTXW","FR","0","White","N","N","0","N","N","Y","Y","v78",7
82.5,"UTXW","FR","0","White","Y","N","0","N","N","Y","Y","v78",6
102.1,"UTXW","FR","0","White","Y","Y","0","N","N","Y","Y","v78",16
92.7,"UTXW","FR","1","Hisp","N","N","0","N","N","Y","Y","v87",12
85.1,"UTXW","FR","0","Black","Other","N","0","N","N","Y","Y","v78",10
89.5,"UTXW","FR","1","Hisp","N","N","0","N","N","Y","Y","v78",10
80.9,"UTXW","FR","0","Asian","Y","N","11-19","Y","N","Y","N","v87",16
75.3,"UTXW","FR","0","White","N","N","0","N","N","Y","Y","v87",16
89.5,"UTXW","FR","0","White","Y","Y","0","N","N","Y","Y","v87",6
95.1,"UTXW","FR","1","Hisp","Y","N","0","N","N","Y","Y","v78",9
90.5,"UTXW","FR","0","White","Y","Y","0","N","N","Y","Y","v87",6
94.4,"UTXW","FR","1","Other","N","N","1-10","N","Y","Y","Y","v78",12
97.6,"UTXW","FR","0","Asian","N","N","0","N","N","Y","Y","v87",11
96,"UTXW","FR","0","Asian","N","N","0","N","N","Y","Y","v87",15
78.4,"UTXW","FR","0","Hisp","N","N","0","N","N","Y","Y","v78",8
97.1,"UTXW","FR","0","Hisp","Y","Y","0","N","N","Y","Y","v87",9
91.4,"UTXW","FR","0","Mixed","N","Other","0","N","N","Y","Y","v78",13
92.1,"UTXW","FR","0","Hisp","Y","N","0","N","N","Y","Y","v78",14
74.5,"UTXW","FR","0","Hisp","Y","Y","0","N","N","Y","Y","v78",11
75.2,"UTXW","FR","0","Hisp","Y","N","0","N","N","Y","Y","v78",11
96,"UTXW","FR","0","Hisp","N","N","11-19","Y","N","Y","Y","v78",15
92.8,"UTXW","FR","0","Hisp","Y","N","0","N","N","Y","Y","v87",15
87.1,"UTXW","SO","0","Hisp","N","N","0","N","N","Y","Y","v87",11
94.8,"UTXW","FR","1","Hisp","Y","N","0","N","N","Y","Y","v87",6
103.1,"UTXW","FR","0","Mixed","Y","Y","0","N","N","Y","Y","v87",15
63.2,"UTXW","SO","1","Hisp","N","N","0","N","N","Y","Y","v87",12
90.8,"UTXW","FR","1","Hisp","N","N","0","N","N","Y","Y","v87",14
80.9,"UTXW","FR","0","White","Y","Y","0","N","N","Y","Y","v87",10
99.9,"UTXW","FR","1","Asian","Y","N","0","N","N","Y","Y","v78",13
87.6,"UTXW","FR","1","Hisp","N","N","0","N","N","Y","Y","v78",13
101.4,"UTXW","FR","1","White","Y","Y","0","N","N","Y","Y","v87",12
92.6,"UTXW","FR","1","White","Y","Y","0","N","N","Y","Y","v78",20
80.9,"UTXW","FR","0","Asian","N","N","0","N","N","Y","Y","v78",1
100.7,"UTXW","FR","0","Mixed","Y","Y","0","N","N","Y","Y","v87",13
85.5,"UTXW","FR","0","White","N","N","0","N","N","Y","Y","v78",6
96.8,"UTXW","FR","1","White","Y","Y","0","N","N","Y","Y","v87",16
60,"UTXW","FR","0","Asian","N","N","0","N","N","Y","Y","v78",10
93.9,"UTXW","FR","0","Other","Y","N","11-19","N","Y","Y","Y","v87",13
87.4,"UTXW","FR","0","White","Y","N","20-29","N","Y","Y","Y","v87",14
84.6,"UTXW","FR","1","White","Y","N","0","N","N","Y","Y","v87",13
72,"UTXW","FR","1","Hisp","N","N","0","N","N","Y","Y","v87",12
92.5,"UTXW","FR","0","Hisp","N","N","0","N","N","Y","Y","v78",9
72.5,"UTXW","FR","0","Hisp","Y","Y","0","N","N","Y","Y","v78",8
82.4,"UTXW","FR","1","Hisp","N","N","30-39","N","Y","Y","Y","v87",12
74.5,"UTXW","FR","0","Hisp","N","N","0","N","N","Y","Y","v78",10
90.2,"UTXW","FR","0","Hisp","N","N","0","N","N","Y","Y","v78",2
89.7,"UTXW","FR","1","Hisp","Y","N","0","N","N","Y","Y","v87",8
98.7,"UTXW","FR","1","Hisp","N","N","0","N","N","Y","Y","v87",11
80,"UTXW","FR","1","Hisp","Y","N","0","N","N","Y","Y","v78",9
96.1,"UTXW","FR","1","Hisp","N","N","0","N","N","Y","Y","v78",11
78.1,"UTXW","FR","1","Asian","N","N","0","N","N","Y","Y","v78",11
84.4,"UTXW","FR","1","Hisp","Y","Y","0","N","N","Y","Y","v78",10
76.3,"UTXW","FR","1","Hisp","N","N","0","N","N","Y","Y","v87",11
100.7,"UTXW","FR","0","Asian","Y","N","1-10","Y","N","Y","Y","v78",16
96.8,"UTXW","FR","0","Asian","Y","N","0","N","N","Y","Y","v78",12
92.8,"UTXW","FR","0","White","Y","Y","0","N","N","Y","Y","v87",17
76,"UTXW","FR","0","Hisp","N","N","0","N","N","Y","Y","v87",6
92.7,"UTXW","FR","1","White","N","N","0","N","N","Y","Y","v78",14
91.3,"UTXW","FR","0","White","N","N","0","N","N","Y","Y","v78",12
94.3,"UTXW","FR","1","Hisp","Y","N","1-10","N","Y","Y","Y","v78",14
84.3,"UTXW","FR","0","Hisp","N","N","0","N","N","Y","Y","v87",5
81.3,"UTXW","FR","0","Hisp","N","N","11-19","Y","N","Y","Y","v87",16
102.8,"UTXW","FR","1","White","Y","Y","0","N","N","Y","Y","v87",10
86.6,"UTXW","FR","0","Hisp","N","N","0","N","N","Y","Y","v87",14
68.4,"UTXW","FR","0","Hisp","Y","Y","11-19","Y","N","Y","Y","v87",10
74,"UTXW","FR","1","White","Y","Y","0","N","N","Y","N","v78",12
101.2,"UTXW","FR","0","White","N","Y","0","N","N","Y","Y","v78",10
85.7,"UTXW","FR","0","Other","Y","Y","0","N","N","Y","Y","v87",11
66.8,"UTXW","FR","1","Hisp","N","N","11-19","N","Y","Y","Y","v87",17
99.6,"UTXW","FR","1","Hisp","N","N","0","N","N","Y","Y","v87",19
72.8,"UTXW","FR","0","Hisp","N","N","20-29","N","Y","Y","Y","v78",11
104,"UTXW","FR","0","Mixed","N","N","0","N","N","Y","Y","v78",17
56.6,"UTXW","FR","0","Other","Y","Y","0","N","N","Y","Y","v78",3
82.6,"UTXW","FR","1","Hisp","N","N","0","N","N","Y","Y","v87",8
76.6,"UTXW","FR","0","White","Y","Y","0","N","N","Y","Y","v78",17
91,"UTXW","FR","0","Asian","N","N","1-10","Y","N","Y","Y","v78",5
83.5,"UTXW","FR","1","Hisp","N","Other","0","N","N","Y","Y","v87",12
65.2,"UTXW","FR","0","Hisp","N","N","0","N","N","Y","Y","v87",2
98,"UTXW","FR","0","Hisp","N","N","0","N","N","Y","Y","v87",19
69.1,"UTXW","FR","1","Hisp","N","N","11-19","Y","N","Y","Y","v78",11
73.2,"UTXW","FR","1","Hisp","N","N","11-19","Y","N","Y","Y","v87",8
76,"UTXW","FR","0","Hisp","N","N","0","N","N","Y","Y","v87",12
95.7,"UTXW","FR","1","Black","Y","N","0","N","N","Y","Y","v87",11
70.9,"UTXW","FR","0","Black","N","N","11-19","N","Y","Y","Y","v87",12
87.3,"UTXW","FR","0","Other","Y","N","0","N","N","Y","Y","v87",14
