school,letter,course,class,gender,ethnic,major,tx_hs,grands,parents,emp_on,emp_off,version,MQ1,MQ2,MQ3,MQ4,MQ5,MQ6,MQ7,MQ8,MQ9,MQ10,MQ11,MQ12,MQ13,MQ14,MQ15,MQ16,MQ17,MQ18,MQ19,MQ20,must
ACUP,D,60.2,SO,0,Hisp,b,Y,Y,Y,N,N,87,0,0,0,0,0,0,0,0,0,0,0,0,0,0,0,0,0,0,0,0,0
TAMSA,D,62.2,FR,0,Hisp,b,Y,N,Y,N,N,87,0,0,0,0,0,0,0,0,0,0,0,0,0,0,0,0,0,0,0,0,0
TAMSA,C,71.6,SO,0,Hisp,,Y,N,Y,Y,N,87,0,0,0,0,0,0,0,0,0,0,0,0,0,0,0,0,0,0,0,0,0
TAMSA,F,20.6,JR,0,"White,Hisp",a. Sci,N,N,N,N,N,78,0,0,0,0,0,0,0,0,0,0,0,0,0,0,0,0,0,0,0,0,0
TAMSA,D,46.1,JR,0,White,a. Sci,Y,Y,Y,N,Y,78,0,0,0,0,0,0,0,0,0,0,0,0,0,0,0,0,0,0,0,0,0
TAMSA,C,72.3,SO,0,Hisp,b,Y,N,N,N,N,87,0,0,0,0,0,0,0,0,0,0,0,0,0,0,0,0,0,0,0,0,0
TAMSA,F,31.3,JR,0,Hisp,a. Sci,Y,N,N,N,Y,78,0,0,0,0,0,0,0,0,0,0,0,0,0,0,0,0,0,0,0,0,0
TAMU,W,NA,FR,1,Hisp,a. Sci,Y,N,N,N,N,87,0,0,0,0,0,0,0,0,0,0,0,0,0,0,0,0,0,0,0,0,0
TSU,D,67.4,JR,0,Mixed,a. Sci,Y,N,N,N,Y,78,0,0,0,0,0,0,0,0,0,0,0,0,0,0,0,0,0,0,0,0,0
TSU,W,NA,SR,0,"White,NatAm",a. Sci,Y,Y,Y,N,N,78,0,0,0,0,0,0,0,0,0,0,0,0,0,0,0,0,0,0,0,0,0
TSU,W,NA,SO,0,White,a. Sci,Y,DK,Y,N,N,87,0,0,0,0,0,0,0,0,0,0,0,0,0,0,0,0,0,0,0,0,0
UNT,F,36.1,FR,0,Hisp,a. Sci,Y,Y,Y,N,N,87,0,0,0,0,0,0,0,0,0,0,0,0,0,0,0,0,0,0,0,0,0
UNT,W,NA,SO,1,"Hisp,Black",a. Sci,Y,N,N,N,N,78,0,0,0,0,0,0,0,0,0,0,0,0,0,0,0,0,0,0,0,0,0
UNT,W,NA,SO,0,Hisp,b,Y,n,N,N,Y,78,0,0,0,0,0,0,0,0,0,0,0,0,0,0,0,0,0,0,0,0,0
UNT,W,NA,FR,0,Hisp,a. Sci,Y,N,N,N,N,87,0,0,0,0,0,0,0,0,0,0,0,0,0,0,0,0,0,0,0,0,0
ACUP,B,82.9,FR,0,White,b,Y,N,Y,N,N,87,0,0,0,0,0,0,0,0,0,0,1,0,0,0,0,0,0,0,0,0,1
ACUP,B,85.2,FR,0,Black,b,Y,N,Y,N,N,78,1,0,0,0,0,0,0,0,0,0,0,0,0,0,0,0,0,0,0,0,1
ACUP,C,70.8,FR,0,Hisp,c,Y,Y,Y,N,N,78,0,0,1,0,0,0,0,0,0,0,0,0,0,0,0,0,0,0,0,0,1
TAMSA,F,44.2,SO,1,White,b,Y,DK,Y,N,Y,78,0,0,0,1,0,0,0,0,0,0,0,0,0,0,0,0,0,0,0,0,1
TAMSA,C,76.7,JR,0,Black,a. Sci,Y,DK,Y,N,N,78,0,0,0,0,0,0,0,0,0,0,0,0,0,0,0,0,0,0,1,0,1
TAMSA,F,29.4,SO,0,Hisp,"a. Sci,Tech",Y,N,Y,N,Y,87,0,0,0,0,0,0,0,0,0,0,0,0,0,0,0,0,1,0,0,0,1
TAMSA,F,47.8,SO,1,Black,b,Y,DK,Y,N,Y,87,0,0,0,0,0,0,0,0,0,0,0,0,0,0,0,0,1,0,0,0,1
TAMSA,D,64.3,SO,1,Hisp,b,,N,Y,N,Y,78,0,1,0,0,0,0,0,0,0,0,0,0,0,0,0,0,0,0,0,0,1
TAMSA,D,65,SO,1,Hisp,b,Y,N,N,N,N,87,0,0,0,0,0,0,0,0,0,0,0,0,0,0,0,0,1,0,0,0,1
TAMSA,F,34,FR,0,Hisp,c,Y,N,Y,N,N,87,1,0,0,0,0,0,0,0,0,0,0,0,0,0,0,0,0,0,0,0,1
TAMSA,W,NA,SO,0,"Hisp,Black",a. Eng,Y,N,Y,N,Y,78,1,0,0,0,0,0,0,0,0,0,0,0,0,0,0,0,0,0,0,0,1
TAMSA,B,89,SO,1,Hisp,b,Y,N,Y,N,Y,87,1,0,0,0,0,0,0,0,0,0,0,0,0,0,0,0,0,0,0,0,1
TAMSA,F,55,SO,0,Hisp,b,Y,Y,Y,N,Y,78,0,0,0,0,0,0,0,0,0,0,0,0,0,0,0,0,1,0,0,0,1
TAMU,D,58.9,FR,1,White,a. Sci,Y,Y,Y,N,N,78,0,0,0,0,0,0,0,0,0,0,0,0,0,1,0,0,0,0,0,0,1
TSU,D,61.7,JR,0,Asian,C,Y,Y,Y,N,N,87,0,0,0,0,1,0,0,0,0,0,0,0,0,0,0,0,0,0,0,0,1
TSU,B,80.3,FR,0,White,a. Sci,Y,N,Y,N,Y,87,0,0,0,0,0,0,0,0,0,0,0,0,0,0,0,0,1,0,0,0,1
TSU,B,81.6,SO,0,White,b,Y,,,,,78,1,0,0,0,0,0,0,0,0,0,0,0,0,0,0,0,0,0,0,0,1
TSU,C,68.2,FR,1,White,a. Sci,Y,Y,Y,N,N,78,0,0,0,0,0,0,0,0,0,0,0,0,0,0,0,0,1,0,0,0,1
UNT,W,NA,FR,0,White,b,Y,N,N,N,N,87,1,0,0,0,0,0,0,0,0,0,0,0,0,0,0,0,0,0,0,0,1
UNT,F,NA,SO,1,Black,a. Eng,Y,N,N,N,N,87,0,0,0,0,0,0,0,0,0,0,0,1,0,0,0,0,0,0,0,0,1
UNT,W,NA,SO,0,Hisp,a. Sci,Y,N,N,N,Y,87,0,0,0,0,0,0,0,0,0,1,0,0,0,0,0,0,0,0,0,0,1
UNT,C,70.6,JR,1,Hisp,a. Eng,Y,N,N,N,N,78,0,0,0,0,0,1,0,0,0,0,0,0,0,0,0,0,0,0,0,0,1
UNT,F,40.5,FR,0,Black,b,Y,DK,Y,N,N,78,1,0,0,0,0,0,0,0,0,0,0,0,0,0,0,0,0,0,0,0,1
UNT,F,27,SO,1,White,b,Y,N,N,n,Y,78,0,0,0,0,0,0,0,0,0,1,0,0,0,0,0,0,0,0,0,0,1
UNT,F,NA,FR,1,Hisp,a. Sci,Y,N,N,N,N,78,0,0,0,0,1,0,0,0,0,0,0,0,0,0,0,0,0,0,0,0,1
UNT,F,29.5,FR,1,Black,a. Sci,Y,N,N,Y,N,78,0,0,0,0,0,0,0,0,0,1,0,0,0,0,0,0,0,0,0,0,1
UNT,D,65.8,SO,1,White,a. Eng,Y,Y,Y,N,N,78,0,0,0,0,1,0,0,0,0,0,0,0,0,0,0,0,0,0,0,0,1
UNT,C,74.3,JR,0,Hisp,a. Sci,Y,N,N,N,Y,78,0,0,0,0,0,0,0,0,0,0,0,0,0,0,0,0,1,0,0,0,1
UNT,C,73.4,FR,0,Black,b,Y,N,N,Y,N,78,0,0,0,0,0,0,0,0,0,0,0,0,0,0,0,0,1,0,0,0,1
UNT,B,83.8,SO,0,White,a. Sci,Y,N,Y,N,N,78,0,0,1,0,0,0,0,0,0,0,0,0,0,0,0,0,0,0,0,0,1
UNT,F,49.9,FR,0,"Hisp,Black",a. Sci,Y,N,N,N,Y,87,0,0,0,1,0,0,0,0,0,0,0,0,0,0,0,0,0,0,0,0,1
UNT,W,NA,SO,0,White,c,Y,N,N,N,N,78,0,0,0,0,0,1,0,0,0,0,0,0,0,0,0,0,0,0,0,0,1
UNT,D,59.5,SO,1,White,b+a. Eng,Y,N,Y,N,Y,78,0,0,0,0,0,1,0,0,0,0,0,0,0,0,0,0,0,0,0,0,1
UNT,W,NA,PB,0,White,c,N,Y,Y,N,Y,87,1,0,0,0,0,0,0,0,0,0,0,0,0,0,0,0,0,0,0,0,1
UNT,D,58.6,FR,0,Hisp,a. Sci,Y,N,Y,N,N,87,1,0,0,0,0,0,0,0,0,0,0,0,0,0,0,0,0,0,0,0,1
UTXW,B,80.9,FR,0,Asian,b,Y,N,N,N,N,78,0,0,0,0,1,0,0,0,0,0,0,0,0,0,0,0,0,0,0,0,1
ACUP,D,64.1,SO,0,Black,b,Y,Y,Y,N,Y,78,0,0,0,0,0,1,0,0,0,0,0,0,0,0,0,0,1,0,0,0,2
ACUP,C,70,FR,0,White,a. Sci,Y,N,N,N,N,78,1,0,0,0,0,0,1,0,0,0,0,0,0,0,0,0,0,0,0,0,2
ACUP,C,70.2,SO ,0,Hisp,b,Y,DK,Y,N,N,87,1,0,0,0,1,0,0,0,0,0,0,0,0,0,0,0,0,0,0,0,2
ACUP,W,NA,FR,1,White,a. Eng,Y,N,N,N,N,78,0,0,0,0,0,1,0,0,0,0,0,0,0,0,0,0,1,0,0,0,2
TAMSA,C,74.1,JR,1,Hisp,a. Sci,Y,N,Y,N,Y,78,0,0,0,0,0,1,0,0,0,0,0,0,0,0,0,0,1,0,0,0,2
TAMSA,D,68.3,JR,0,Hisp,b,Y,N,N,N,Y,87,0,1,0,0,0,0,0,0,0,0,0,0,0,1,0,0,0,0,0,0,2
TAMSA,F,38.1,JR,0,Hisp,a. Sci,Y,N,N,N,N,87,0,0,0,1,0,0,0,0,0,0,0,0,0,0,0,0,1,0,0,0,2
TAMSA,F,47.8,SO,0,"White,Hisp",b,Y,N,Y,N,Y,87,0,1,1,0,0,0,0,0,0,0,0,0,0,0,0,0,0,0,0,0,2
TAMSA,D,66,SO,0,Hisp,b,N,N,N,N,N,87,1,0,0,0,0,0,0,0,0,0,0,0,0,0,0,0,1,0,0,0,2
TAMSA,D,67,JR,0,White,a. Sci,Y,Y,Y,N,Y,87,0,0,0,0,0,0,0,0,1,0,0,0,0,0,0,0,1,0,0,0,2
TAMSA,B,85,SO,0,Hisp,b,Y,N,N,Y,N,87,1,0,0,0,0,0,0,0,0,0,0,0,0,0,0,0,1,0,0,0,2
TAMU,F,46.6,FR,0,Hisp,a. Sci,Y,N,N,N,N,87,0,1,0,0,0,0,0,0,0,0,0,0,0,1,0,0,0,0,0,0,2
TAMU,F,51.2,SO,1,Black,a. Sci,N,Y,Y,Y,N,78,0,0,0,0,1,1,0,0,0,0,0,0,0,0,0,0,0,0,0,0,2
TAMU,C,77.1,FR,0,Black,b,N,N,N,N,N,87,0,0,0,0,0,0,0,0,0,0,0,0,0,1,0,0,1,0,0,0,2
TAMU,F,38.8,SO,1,"Hisp,White",a. Sci,Y,Y,Y,N,Y,87,0,0,0,0,0,0,0,0,0,0,0,0,0,0,0,0,1,1,0,0,2
TAMU,C,76.7,FR,0,Hisp,a. Sci,Y,DK,N,N,N,78,1,0,0,0,0,0,0,0,0,0,0,0,0,0,0,0,0,0,1,0,2
TAMU,W,NA,FR,0,Hisp,STEM,Y,N,N,N,N,87,0,0,0,0,0,0,0,0,1,0,0,0,0,1,0,0,0,0,0,0,2
TSU,C,68.5,FR,0,White,b,N,Y,Y,N,N,78,1,0,0,1,0,0,0,0,0,0,0,0,0,0,0,0,0,0,0,0,2
TSU,C,74.4,FR,0,Hisp,b,Y,N,N,N,N,78,1,0,0,1,0,0,0,0,0,0,0,0,0,0,0,0,0,0,0,0,2
TSU,F,58.2,JR,0,"White,Hisp",b,Y,Y,Y,N,Y,87,0,0,0,0,0,0,0,0,1,0,0,0,0,0,0,0,1,0,0,0,2
TSU,D,62.6,FR,0,White,a. Sci,Y,N,Y,N,Y,87,0,0,0,0,1,0,0,0,0,1,0,0,0,0,0,0,0,0,0,0,2
TSU,C,75.3,FR,0,Hisp,b,Y,N,N,N,N,87,1,0,0,0,0,0,0,0,0,0,0,0,0,0,0,0,1,0,0,0,2
TSU,C,75.4,FR,0,White,b,Y,Y,Y,Y,N,78,0,0,0,0,1,0,0,0,0,0,0,0,0,0,0,0,0,0,1,0,2
TSU,C,69.5,FR,0,White,b,Y,N,N,N,Y,87,0,0,0,0,0,0,0,0,0,0,0,0,0,0,0,0,0,0,1,1,2
TSU,C,68.6,SO,0,Hisp,b,Y,N,N,N,N,78,0,0,0,0,1,0,0,0,0,0,1,0,0,0,0,0,0,0,0,0,2
UNT,W,NA,SO,1,Hisp,a. Sci,Y,N,Y,N,Y,87,0,0,0,0,0,0,0,0,0,0,0,0,0,0,0,1,1,0,0,0,2
UNT,W,NA,SO,1,"Black,NatAm",a. Eng,Y,DK,Y,N,N,87,0,0,0,0,0,0,0,0,0,1,0,0,0,0,0,0,1,0,0,0,2
UNT,W,NA,FR,0,White,b,Y,N,Y,N,N,78,0,0,0,0,0,0,0,0,1,0,0,0,0,0,0,0,1,0,0,0,2
UNT,W,NA,JR,0,Hisp,a. Eng,Y,N,Y,N,N,87,0,0,0,0,1,0,0,0,0,0,0,0,0,0,0,0,0,0,1,0,2
UNT,F,46.4,JR,,White,b,Y,Y,N,N,N,78,1,0,0,0,0,0,0,0,0,0,0,0,0,0,0,0,0,0,1,0,2
UNT,B,85.1,SO,1,White,b,Y,Y,Y,N,N,78,1,0,0,0,0,0,0,0,0,0,0,0,0,0,0,0,1,0,0,0,2
UNT,I,29.7,SO,1,"White,Asian",a. Tech,Y,N,Y,N,N,78,0,0,0,0,0,0,0,0,1,1,0,0,0,0,0,0,0,0,0,0,2
UNT,D,67.7,FR,0,Hisp,b,Y,N,N,N,N,78,1,0,0,0,0,0,0,0,0,0,0,0,0,0,0,0,0,0,1,0,2
UNT,C,73.9,FR,1,Hisp,a. Eng,Y,N,N,N,Y,78,0,0,0,0,0,1,0,0,0,0,0,0,0,0,0,0,1,0,0,0,2
UNT,D,68,JR,1,White,b,Y,DK,Y,N,Y,87,0,0,0,0,0,0,0,0,1,1,0,0,0,0,0,0,0,0,0,0,2
UNT,D,61.6,SO,0,"White,Black",a. Sci,Y,Y,Y,N,N,87,0,0,0,0,0,0,0,0,0,1,0,0,0,0,0,0,0,0,0,1,2
UNT,F,36.1,FR,0,Hisp,a. Sci,Y,N,N,N,Y,78,1,0,0,0,0,0,0,0,0,1,0,0,0,0,0,0,0,0,0,0,2
UNT,F,35.8,FR,0,"Black,Hisp",a. Sci,Y,DK,DK,N,N,78,0,0,0,0,0,0,0,0,1,1,0,0,0,0,0,0,0,0,0,0,2
UNT,F,NA,FR,1,Hisp,a. Sci,Y,N,N,N,N,78,1,0,0,0,0,0,0,0,0,0,0,0,0,0,0,0,0,0,1,0,2
UNT,C,74.1,FR,0,Asian,a. Sci,Y,N,N,N,Y,87,0,0,0,0,0,0,0,0,0,1,0,0,0,0,0,0,1,0,0,0,2
UNT,B,85.1,SO,0,Black,a. Sci,Y,DK,N,N,Y,78,0,0,0,0,0,1,0,0,0,0,0,0,0,0,0,0,0,1,0,0,2
UNT,F,42.6,FR,0,White,a. Sci,Y,N,Y,N,Y,87,0,0,0,0,0,1,0,0,0,0,0,0,0,0,0,0,1,0,0,0,2
UNT,D,62.3,SO,1,Asian,a. Sci,Y,N,N,N,Y,87,0,0,0,1,1,0,0,0,0,0,0,0,0,0,0,0,0,0,0,0,2
UNT,F,52.3,SO,0,Black,a. Sci,Y,DK,Y,N,N,78,0,0,0,0,1,0,0,0,0,0,0,0,0,0,0,0,1,0,0,0,2
UNT,C,73.4,FR,0,"Hisp,Black",a. Sci,Y,N,N,N,N,87,0,0,0,0,1,0,0,0,0,0,0,0,0,0,0,0,1,0,0,0,2
UNT,C,67.4,SP,1,Hisp,c,Y,N,Y,N,Y,78,1,0,0,0,0,0,0,0,0,0,0,0,0,0,0,0,0,0,0,1,2
UTXW,C,71.9,FR,1,Hisp,c,Y,Y,Y,N,N,87,0,0,0,0,0,1,0,0,0,0,0,0,0,0,0,0,0,0,0,1,2
UTXW,A,90.2,FR,0,Hisp,b,Y,N,N,N,N,78,0,0,0,0,0,0,0,0,0,0,0,0,0,0,0,0,0,0,1,1,2
UTXW,D,65.2,FR,0,Hisp,b,Y,N,N,N,N,87,0,0,0,0,0,0,0,0,0,0,0,0,0,0,0,0,0,0,1,1,2
ACUP,F,56.3,SO,1,Hisp,a. Sci,Y,N,N,N,N,78,0,0,0,0,1,1,0,0,1,0,0,0,0,0,0,0,0,0,0,0,3
ACUP,F,42.8,FR,0,Black,b,Y,N,Y,N,N,87,1,0,0,0,0,0,0,0,0,1,0,0,0,0,0,0,0,0,1,0,3
TAMSA,F,15.5,JR,0,Hisp,a. Sci,Y,N,N,N,Y,87,1,0,0,0,0,0,0,0,0,1,0,0,0,0,0,0,0,0,1,0,3
TAMSA,F,43.2,JR,0,Hisp,a. Sci,Y,N,N,N,Y,78,0,1,1,0,0,0,0,0,0,0,0,0,0,0,0,0,1,0,0,0,3
TAMSA,W,NA,SR,0,Hisp,d,Y,N,N,N,N,87,0,0,1,0,0,0,0,0,1,0,0,0,0,0,0,0,1,0,0,0,3
TAMSA,F,54,FR,1,Hisp,b,Y,N,Y,N,Y,78,0,0,1,0,0,0,1,1,0,0,0,0,0,0,0,0,0,0,0,0,3
TAMSA,B,86,SR,1,Black,b,Y,N,N,N,Y,87,0,0,1,0,0,0,0,0,0,0,0,0,0,1,0,0,0,1,0,0,3
TAMU,C,74.7,SO,1,White,a. Sci,Y,Y,Y,N,N,87,0,0,1,0,0,1,0,0,0,0,0,0,0,0,0,1,0,0,0,0,3
TAMU,F,56.5,SO,0,White,,Y,N,N,N,N,78,0,0,0,0,0,0,0,0,0,0,0,0,0,0,0,0,0,1,1,1,3
TAMU,C,74,FR,0,Hisp,b,Y,N,N,Y,N,87,0,0,1,0,1,0,0,0,0,0,0,0,0,0,0,1,0,0,0,0,3
TAMU,D,62.6,FR,0,Hisp,STEM,Y,N,N,N,Y,78,0,0,1,0,0,0,0,0,0,0,1,0,0,1,0,0,0,0,0,0,3
TAMU,C,75.6,SO,1,Hisp,b,Y,N,N,N,N,78,0,1,0,0,0,0,0,0,0,0,0,0,0,1,0,1,0,0,0,0,3
TSU,B,82,SO,0,White,a. Sci,N,Y,Y,N,N,78,1,0,0,0,0,0,0,0,0,1,0,0,0,0,0,0,0,0,1,0,3
TSU,C,72.3,JR,0,"White,Hisp",a. Sci,N,Y,Y,N,Y,78,1,0,0,1,1,0,0,0,0,0,0,0,0,0,0,0,0,0,0,0,3
TSU,D,66,JR,1,Hisp,a. Sci,Y,Y,Y,N,Y,87,0,0,0,0,1,0,0,0,0,0,0,0,0,0,0,1,1,0,0,0,3
TSU,C,69.2,FR,1,Arab,a. Sci,Y,N,Y,N,N,87,1,0,1,0,0,0,0,0,0,0,0,0,0,0,0,0,1,0,0,0,3
TSU,A,95.2,FR,0,Mixed,a. Sci,Y,DK,Y,N,N,78,1,0,0,0,0,0,0,0,0,1,0,0,0,0,0,0,1,0,0,0,3
UNT,C,70.2,SO,1,Arab,a. Eng,N,Y,Y,N,N,78,0,1,0,0,1,0,0,0,0,0,0,0,0,0,0,0,1,0,0,0,3
UNT,B,83.5,PB,0,White,b,Y,Y,Y,N,Y,78,0,0,0,0,0,0,0,0,1,1,0,0,0,0,0,0,1,0,0,0,3
UNT,D,60.4,SO,1,White,a. Eng,Y,DK,Y,N,N,78,0,0,0,0,1,0,0,0,1,1,0,0,0,0,0,0,0,0,0,0,3
UNT,W,NA,FR,0,Hisp,a. Sci,Y,N,N,N,N,78,1,0,0,0,0,0,0,0,0,1,0,0,0,0,0,0,1,0,0,0,3
UNT,F,55.2,FR,1,Hisp,a. Sci,Y,N,N,N,N,87,0,0,0,0,1,0,1,1,0,0,0,0,0,0,0,0,0,0,0,0,3
UNT,C,74.8,JR,0,White,b,Y,Y,Y,N,Y,87,1,0,0,1,0,0,0,0,1,0,0,0,0,0,0,0,0,0,0,0,3
UNT,B,81.8,FR,0,Black,b,Y,N,N,N,N,78,1,0,0,0,0,0,0,0,1,1,0,0,0,0,0,0,0,0,0,0,3
UNT,C,76.7,FR,1,Mixed,b,Y,Y,Y,N,N,87,1,0,0,0,1,0,0,0,0,0,0,0,0,0,0,0,1,0,0,0,3
UNT,F,25,JR,0,"Hisp,White",a. Sci,Y,N,N,N,Y,87,1,0,0,0,0,0,0,0,0,0,0,0,0,0,0,0,1,0,1,0,3
UNT,B,87.3,FR,0,White,b,Y,N,Y,N,N,78,0,0,0,1,0,0,0,0,1,1,0,0,0,0,0,0,0,0,0,0,3
UNT,W,NA,FR,0,Hisp,a. Sci,Y,N,N,N,N,87,1,0,0,0,1,0,0,0,0,0,0,0,0,0,0,0,0,0,1,0,3
UNT,F,45.6,FR,1,Black,b,Y,DK,Y,N,N,87,1,0,0,1,0,0,0,0,0,1,0,0,0,0,0,0,0,0,0,0,3
UNT,A,96.6,SO,1,White,a. Sci,Y,Y,Y,N,Y,78,0,0,0,0,0,0,0,0,0,0,1,0,0,0,0,0,1,0,1,0,3
UNT,W,NA,FR,1,White,b,Y,N,Y,N,Y,78,1,0,0,0,0,0,0,0,1,0,0,0,0,0,0,0,1,0,0,0,3
UNT,D,66.1,PB,1,White,b,Y,Y,Y,N,N,78,0,0,0,0,1,0,0,0,0,0,0,0,0,1,1,0,0,0,0,0,3
UNT,C,69.8,FR,0,"White,Hisp",a. Sci,Y,N,Y,Y,Y,87,1,0,0,0,0,1,0,0,0,0,0,0,0,0,1,0,0,0,0,0,3
UNT,F,27,FR,1,"White,Black",a. Sci,Y,Y,Y,Y,N,78,0,0,0,0,0,1,0,0,0,0,0,0,0,0,0,0,1,0,1,0,3
UNT,W,NA,FR,0,White,a. Sci,Y,Y,Y,N,N,78,0,0,0,0,1,1,0,0,0,0,0,0,0,0,0,0,0,1,0,0,3
UNT,C,68.7,SO,0,White,d,Y,DK,N,N,N,87,0,0,0,0,0,1,0,0,0,1,1,0,0,0,0,0,0,0,0,0,3
UNT,B,79.8,FR,0,Arab,a. Sci,Y,Y,Y,N,N,87,0,0,0,0,1,0,0,0,0,0,1,0,0,0,0,0,0,0,1,0,3
UNT,B,81.1,SO,1,Hisp,a. Sci,Y,Y,Y,N,N,78,0,0,0,0,0,0,0,0,1,1,0,0,0,0,0,0,1,0,0,0,3
UTXW,A,93.1,FR,0,Black,b,Y,Y,Y,N,N,78,0,0,0,1,0,1,0,0,0,0,0,0,0,0,0,0,1,0,0,0,3
UTXW,C,64.7,FR,0,Black, ,Y,DK,Y,Y,N,78,0,1,0,0,1,0,0,0,0,0,0,0,0,0,0,0,1,0,0,0,3
UTXW,D,56.6,FR,0,Arab,b,Y,Y,Y,N,N,78,0,0,0,1,1,0,0,0,0,0,0,0,0,0,0,0,1,0,0,0,3
ACUP,D,65.3,JR,1,Hisp,a. Sci,Y,Y,Y,N,N,78,0,1,1,0,0,0,1,0,0,0,0,0,0,0,0,1,0,0,0,0,4
ACUP,A,92.8,SO,0,White,a. Sci,Y,Y,Y,N,N,78,0,0,0,0,1,0,0,0,0,0,0,1,1,0,0,0,1,0,0,0,4
ACUP,D,66.9,SO,1,Black,d,Y,N,N,Y,N,78,0,0,0,0,1,0,0,0,0,0,0,1,0,1,0,0,0,1,0,0,4
ACUP,F,45.8,FR,1,Hisp,b,Y,DK,DK,Y,N,87,1,0,0,0,0,0,0,0,1,1,0,0,0,0,0,0,1,0,0,0,4
ACUP,B,80.4,SO,0,Hisp,c,Y,DK,Y,Y,Y,87,1,0,0,0,0,0,0,0,1,1,0,0,0,0,0,0,1,0,0,0,4
ACUP,A,92,SO,1,White,b,Y,Y,Y,N,N,87,1,0,0,0,0,0,0,0,0,1,0,0,0,0,0,0,1,0,1,0,4
TAMSA,B,80,JR,0,Black,b,N,N,N,N,Y,78,0,0,0,0,1,0,1,0,0,0,0,0,0,0,0,0,0,0,1,1,4
TAMSA,C,74,JR,0,Hisp,b,Y,N,N,N,N,87,1,0,0,0,0,0,0,0,1,1,0,0,0,0,0,0,1,0,0,0,4
TAMSA,W,NA,SO,0,"Hisp,Black",b,Y,N,Y,N,Y,78,1,0,0,1,0,0,0,0,1,1,0,0,0,0,0,0,0,0,0,0,4
TAMSA,F,48,JR,1,Hisp,c,Y,DK,N,N,Y,87,1,0,0,0,0,0,0,0,1,1,0,0,0,0,0,0,1,0,0,0,4
TAMU,A,96.1,SO,0,White,b,Y,Y,Y,N,N,78,0,0,0,0,1,1,0,0,0,0,0,0,0,0,0,0,0,0,1,1,4
TAMU,D,63.7,FR,0,Hisp,a. Sci,Y,N,Y,N,N,78,1,1,1,0,0,0,0,0,0,0,0,0,0,0,0,0,1,0,0,0,4
TAMU,C,72.9,FR,0,"White,Hisp",a. Sci,Y,Y,Y,N,N,78,0,0,0,0,1,0,0,0,1,1,0,0,0,0,0,0,0,0,1,0,4
TAMU,F,47.9,SO,,Hisp,b,Y,N,N,N,N,87,0,1,0,0,0,1,0,0,1,0,0,0,0,0,0,0,1,0,0,0,4
TAMU,C,74.8,SO,0,Hisp,a. Sci,Y,N,N,N,N,78,0,1,0,1,0,0,0,0,0,1,0,0,0,0,0,0,0,0,0,1,4
TAMU,C,76,FR,0,Hisp,d,Y,N,Y,N,N,87,0,0,1,0,0,0,0,0,0,1,1,0,0,0,0,0,0,0,1,0,4
TAMU,D,62.1,FR,1,White,a. Sci,Y,N,N,N,N,78,1,0,0,1,0,0,0,0,1,0,0,0,0,0,0,0,1,0,0,0,4
TAMU,F,53.8,FR,1,Black,b,Y,Y,N,N,N,78,0,0,0,1,1,0,0,0,0,0,0,0,0,0,0,0,0,0,1,1,4
TAMU,C,74.9,SO,0,Hisp,b,Y,N,Y,N,Y,78,1,1,1,0,0,0,0,0,0,0,0,0,0,0,0,0,1,0,0,0,4
TAMU,C,73.2,SO,0,White,a. Sci,Y,N,Y,N,N,78,1,1,1,0,0,0,0,0,0,0,0,0,0,0,0,0,0,0,1,0,4
TAMU,B,87.1,FR,0,White,a. Sci,Y,N,Y,N,N,87,0,0,0,0,0,0,0,0,1,0,0,0,0,0,0,0,1,0,1,1,4
TAMU,W,NA,FR,1,Hisp,a. Sci,Y,N,N,N,N,87,0,0,1,0,1,0,0,0,0,1,0,0,0,0,0,0,1,0,0,0,4
TSU,B,81.6,JR,0,White,a. Sci,Y,Y,Y,N,Y,87,1,0,0,0,0,0,0,0,1,0,0,0,0,1,0,0,1,0,0,0,4
TSU,W,NA,JR,0,White,a. Eng,Y,N,Y,N,Y,87,1,0,1,0,0,0,0,0,0,1,0,0,0,0,0,0,1,0,0,0,4
TSU,D,65.2,FR,0,White,b,Y,N,Y,N,N,87,1,0,0,0,1,0,0,0,0,0,0,0,0,0,0,0,1,0,0,1,4
TSU,C,73.6,FR,1,White,a. Eng,Y,,,,,87,1,0,0,0,0,0,0,0,0,0,0,0,0,0,0,0,1,0,1,1,4
TSU,W,NA,JR,0,Hisp,a. Sci,Y,N,N,N,N,78,1,0,0,0,0,0,0,0,1,1,0,1,0,0,0,0,0,0,0,0,4
TSU,C,71.7,FR,0,Asian,b,Y,N,Y,N,N,78,1,0,0,0,0,0,0,0,1,1,0,0,0,0,0,0,1,0,0,0,4
TSU,C,70.7,SO,1,White,b,Y,Y,Y,N,N,87,1,0,1,0,0,0,0,0,0,0,0,0,0,1,0,0,1,0,0,0,4
TSU,C,72.2,SO,0,White,b,Y,Y,Y,N,N,78,0,0,0,0,1,0,0,0,1,1,0,0,0,0,0,0,1,0,0,0,4
TSU,C,73.1,FR,0,White,c,Y,Y,Y,N,Y,87,1,0,0,1,0,0,0,0,0,1,0,0,0,0,0,0,0,0,1,0,4
UNT,D,67.5,FR,1,"White,Asian",a. Eng,N,N,N,N,N,87,0,0,0,0,0,0,0,0,1,0,0,1,0,0,0,0,1,0,1,0,4
UNT,W,NA,JR,0,Black,b,Y,N,N,N,Y,87,1,0,0,0,0,0,0,0,1,1,0,0,0,0,0,0,1,0,0,0,4
UNT,C,70.9,JR,1,White,a. Eng,Y,DK,N,N,Y,78,0,1,1,0,0,1,0,0,0,0,0,0,0,1,0,0,0,0,0,0,4
UNT,W,NA,SO,0,Black,a. Eng,N,N,N,N,N,87,1,0,0,0,1,0,0,0,1,0,0,0,0,0,0,0,1,0,0,0,4
UNT,C,76.6,SO,1,White,a. Eng,Y,DK,Y,N,Y,78,0,0,0,0,0,0,0,0,1,0,0,0,0,0,0,0,1,0,1,1,4
UNT,C,72.2,JR,0,Hisp,b,Y,N,N,N,N,87,0,0,0,0,1,0,0,0,0,0,1,0,0,0,1,0,1,0,0,0,4
UNT,F,48.3,JR,1,Hisp,a. Eng,Y,N,N,N,Y,87,1,0,0,0,1,0,0,0,0,1,0,0,0,0,0,1,0,0,0,0,4
UNT,W,NA,SO,1,White,a. Sci,Y,Y,Y,N,Y,78,0,0,0,1,1,0,0,0,0,1,0,0,0,0,0,0,1,0,0,0,4
UNT,D,67.8,SO,0,Asian,b,Y,N,Y,N,N,78,0,0,0,0,0,1,0,0,1,0,0,0,0,0,0,0,0,0,1,1,4
UNT,B,81.6,FR,0,Arab,b,Y,DK,Y,N,Y,87,0,0,0,0,0,1,0,0,0,0,0,0,0,0,0,0,1,1,0,1,4
UNT,C,73.9,FR,1,Hisp,a. Sci,Y,N,Y,N,N,87,0,1,0,0,1,0,0,0,1,0,0,0,0,0,0,0,0,0,0,1,4
UNT,W,NA,FR,0,Hisp,a. Sci,Y,N,N,N,N,78,1,0,0,0,0,0,0,0,1,1,0,0,0,0,0,0,1,0,0,0,4
UNT,F,57.1,FR,0,Asian,b,Y,N,N,N,N,87,1,0,0,0,0,0,0,0,1,1,0,0,0,0,0,0,1,0,0,0,4
UNT,D,60.2,FR,1,"White,AsIndian",a. Sci,N,Y,Y,N,Y,87,1,0,0,1,1,0,0,0,1,0,0,0,0,0,0,0,0,0,0,0,4
UNT,F,45.9,SO,1,Hisp,a. Eng,Y,N,N,N,N,78,0,1,0,0,0,0,0,1,1,1,0,0,0,0,0,0,0,0,0,0,4
UNT,B,85.2,JR,1,Black,b,Y,DK,Y,N,N,87,1,0,0,0,0,0,0,0,0,1,0,0,0,0,0,0,1,0,0,1,4
UNT,D,68.1,FR,0,White,a. Sci,Y,DK,Y,N,N,87,0,1,1,0,1,0,0,0,0,1,0,0,0,0,0,0,0,0,0,0,4
UNT,W,NA,JR,0,Hisp,a. Math,Y,N,Y,N,Y,78,1,0,0,0,0,0,0,0,1,1,0,0,0,0,0,0,1,0,0,0,4
UNT,F,57.4,FR,0,White,a. Sci,Y,DK,Y,N,N,87,1,0,0,0,1,0,0,0,0,1,0,0,0,0,0,0,1,0,0,0,4
UNT,A,91.5,SO,1,White,a. Sci,Y,N,N,N,N,78,0,0,0,1,0,0,0,0,1,1,0,0,0,0,0,1,0,0,0,0,4
UNT,W,NA,FR,0,White,a. Sci,Y,Y,Y,N,N,78,0,0,1,1,0,1,0,0,0,0,0,0,0,0,0,0,0,1,0,0,4
UNT,W,NA,FR,0,Hisp,a. Sci,Y,N,,N,N,87,1,0,0,0,0,0,0,0,1,0,0,0,0,0,0,0,1,0,0,1,4
UNT,A,89.1,SO,0,Hisp,a. Sci,Y,Y,Y,N,N,87,1,0,0,0,0,0,0,0,1,1,0,0,0,0,1,0,0,0,0,0,4
UNT,F,47.7,FR,1,White,a. Eng,Y,N,N,N,Y,78,0,0,0,0,1,0,1,0,1,0,0,0,0,0,0,1,0,0,0,0,4
UNT,D,64.7,JR,0,Black,a. Sci,Y,N,N,Y,N,78,1,1,1,0,1,0,0,0,0,0,0,0,0,0,0,0,0,0,0,0,4
UNT,D,60.7,FR,1,"Hisp,Black",b+a. Eng,Y,N,N,N,N,78,0,1,1,0,0,0,0,1,0,0,0,0,0,0,0,0,0,0,1,0,4
UTXW,C,71.9,FR,0,White,b,Y,Y,Y,N,N,78,1,1,1,0,0,0,0,0,0,1,0,0,0,0,0,0,0,0,0,0,4
UTXW,B,79.9,FR,0,Black,b,Y,Y,Y,N,N,87,0,0,1,0,1,0,0,0,0,1,0,0,0,0,0,0,1,0,0,0,4
UTXW,C,71.9,FR,0,Hisp,b,Y,N,N,N,N,87,1,0,0,0,0,0,0,0,0,0,0,0,0,0,0,0,1,0,1,1,4
ACUP,C,70.2,SO,1,White,a. Sci,Y,N,N,N,N,78,0,0,0,0,1,0,0,0,1,1,0,1,1,0,0,0,0,0,0,0,5
ACUP,C,73,FR,1,White,b,Y,DK,Y,N,N,87,1,0,1,0,1,0,0,0,1,0,0,0,0,0,0,0,1,0,0,0,5
ACUP,B,81,FR,1,Asian,b,Y,N,Y,N,N,87,0,0,1,0,0,1,0,1,1,0,0,0,0,1,0,0,0,0,0,0,5
ACUP,A,92.4,SO,0,White,b,Y,Y,Y,N,N,78,1,0,0,1,0,1,1,0,0,0,0,0,0,0,0,0,1,0,0,0,5
ACUP,A,92.2,FR,0,White,b,Y,Y,Y,N,N,87,0,0,0,1,0,1,0,0,0,0,1,0,0,0,0,0,1,0,1,0,5
ACUP,W,NA,SO,1,White,b,Y,Y,Y,N,Y,87,0,0,0,0,0,0,0,0,0,1,0,0,0,0,0,0,1,1,1,1,5
TAMSA,F,57.4,SO,0,Hisp,b,Y,Y,Y,Y,N,78,1,0,0,0,0,1,0,0,1,1,0,0,0,0,0,0,1,0,0,0,5
TAMU,D,66.3,FR,0,Hisp,b,Y,N,Y,N,N,87,0,0,0,0,1,0,0,1,1,0,0,0,0,0,0,0,1,0,0,1,5
TAMU,C,70.7,FR,0,White,b,Y,N,N,N,N,78,0,0,0,0,0,1,0,0,1,1,1,0,0,1,0,0,0,0,0,0,5
TAMU,C,75.6,SO,1,White,a. Sci,Y,Y,U,N,N,78,0,0,0,1,1,0,0,0,1,1,0,0,0,0,0,0,1,0,0,0,5
TAMU,D,65,SO,0,White,b,Y,N,Y,N,N,78,1,0,0,1,1,0,0,0,0,0,0,0,0,1,0,0,1,0,0,0,5
TAMU,A,96.3,JR,0,White,b,Y,Y,Y,N,N,78,1,1,1,0,0,1,0,0,0,0,0,0,0,0,0,0,0,0,1,0,5
TAMU,B,88.6,SO,0,White,b,Y,N,N,N,N,78,1,0,0,0,1,0,0,0,0,1,0,0,0,0,0,0,1,1,0,0,5
TAMU,W,NA,SO,1,Hisp,a. Eng,Y,N,N,N,N,87,0,0,0,0,0,0,0,0,1,1,0,0,0,0,0,1,0,0,1,1,5
TAMU,C,70.7,SO,1,White,a. Sci,Y,Y,Y,N,N,87,0,0,1,0,0,0,0,0,1,1,0,0,0,1,0,0,1,0,0,0,5
TAMU,C,72.6,SO,0,Hisp,,Y,N,N,Y,N,87,0,0,0,0,0,0,1,0,0,0,0,0,0,0,1,0,1,0,1,1,5
TAMU,C,77.7,SO,,White,b,Y,N,N,N,N,78,1,1,1,0,0,1,0,0,0,0,0,0,0,0,0,0,1,0,0,0,5
TAMU,B,83.9,FR,0,White,a. Sci,Y,Y,Y,N,N,87,0,0,0,0,0,1,0,0,0,0,1,0,0,0,0,0,1,0,1,1,5
TAMU,C,76.4,FR,0,White,a. Sci,Y,Y,Y,N,N,78,1,0,0,0,1,1,0,0,0,0,0,0,0,0,0,0,1,0,1,0,5
TAMU,B,80.1,JR,0,Hisp,b,Y,N,N,N,N,78,1,0,0,0,0,1,0,0,0,0,1,0,0,0,0,0,0,0,1,1,5
TAMU,C,71,FR,0,White,a. Sci,Y,Y,Y,N,N,87,0,0,1,0,1,0,1,0,0,0,0,0,0,0,0,0,0,0,1,1,5
TAMU,B,83.4,SO,0,White,a. Sci,Y,N,N,N,N,87,1,0,1,0,0,0,1,0,0,0,0,0,0,0,0,0,0,0,1,1,5
TAMU,W,NA,FR,0,White,a. Sci,Y,Y,Y,N,N,87,1,0,0,0,1,1,0,0,1,1,0,0,0,0,0,0,0,0,0,0,5
TSU,B,79.8,SO,0,White,a. Sci,Y,Y,Y,N,Y,78,1,0,0,1,1,1,0,0,0,0,0,0,0,0,0,0,0,0,1,0,5
TSU,F,50.1,FR,1,Hisp,b,Y,DK,Y,N,N,78,0,0,0,0,1,1,0,0,1,1,0,0,0,1,0,0,0,0,0,0,5
TSU,D,61.5,JR,0,Mixed,d,Y,N,N,N,Y,87,1,0,0,1,0,0,0,0,0,0,0,1,1,0,0,0,1,0,0,0,5
TSU,C,68.4,FR,0,Hisp,a. Eng,Y,DK,Y,N,N,87,1,1,1,0,0,0,0,0,0,0,0,0,1,0,0,0,1,0,0,0,5
TSU,A,90.5,FR,0,White,b,Y,Y,Y,N,N,87,1,0,0,0,0,0,0,0,1,1,0,0,0,0,0,0,1,1,0,0,5
TSU,W,NA,FR,0,White,a. Sci,Y,Y,Y,N,N,78,1,0,0,0,0,1,0,0,1,1,0,0,0,0,0,0,1,0,0,0,5
TSU,W,NA,FR,1,White,a. Sci,Y,N,N,N,N,78,0,0,0,1,1,0,0,0,1,1,0,0,0,0,0,0,1,0,0,0,5
UNT,F,49.6,FR,,Black,a. Eng,Y,Y,Y,Y,N,87,1,0,0,1,0,0,0,0,0,1,0,0,0,1,0,0,1,0,0,0,5
UNT,B,87.6,FR,0,White,b,Y,DK,Y,N,Y,78,0,0,0,0,0,0,1,0,1,1,0,0,0,0,1,0,0,1,0,0,5
UNT,F,20,SO,0,White,b,Y,Y,Y,N,Y,87,1,0,0,0,1,0,0,1,1,1,0,0,0,0,0,0,0,0,0,0,5
UNT,B,85.7,JR,0,Black,b,Y,N,Y,N,N,78,1,1,1,0,1,1,0,0,0,0,0,0,0,0,0,0,0,0,0,0,5
UNT,F,50.5,SO,0,Black,a. Sci,Y,N,Y,N,Y,78,1,0,0,1,0,0,0,0,1,1,0,0,0,0,0,0,1,0,0,0,5
UNT,W,NA,JR,0,"White,Hisp",d,Y,Y,Y,N,Y,78,0,1,1,0,1,0,0,0,1,1,0,0,0,0,0,0,0,0,0,0,5
UNT,C,69.4,SO,1,Hisp,a. Eng,Y,N,N,N,N,87,1,0,0,1,0,0,0,0,1,1,0,0,0,0,0,0,1,0,0,0,5
UNT,D,67.4,SO,1,Hisp,a. Eng,Y,N,N,N,Y,78,1,0,0,1,1,0,0,0,1,1,0,0,0,0,0,0,0,0,0,0,5
UNT,B,80.8,FR,1,Black,a. Eng,Y,N,Y,N,Y,87,1,0,1,0,1,0,0,0,1,1,0,0,0,0,0,0,0,0,0,0,5
UNT,D,65.9,FR,0,Hisp,a. Sci,Y,N,N,N,N,87,1,0,0,0,0,0,0,0,0,0,0,0,0,1,1,0,1,0,1,0,5
UNT,F,45.4,FR,1,Black,b,Y,DK,Y,N,N,78,0,1,1,0,0,0,0,0,0,1,0,0,0,0,0,0,0,0,1,1,5
UNT,C,69.8,JR,0,Black,a. Sci,Y,Y,Y,N,N,87,1,0,0,1,1,0,1,0,0,0,0,0,0,0,0,0,0,0,0,1,5
UNT,F,41.1,SO,0,White,a. Sci,Y,DK,Y,N,Y,78,1,0,0,1,0,1,0,0,0,0,0,0,0,0,0,0,1,1,0,0,5
UNT,W,NA,SR,0,White,b,Y,N,N,N,Y,87,0,1,1,0,0,0,0,1,0,1,0,0,0,1,0,0,0,0,0,0,5
UNT,A,91.7,FR,0,Hisp,b,Y,N,N,N,Y,78,0,1,1,0,0,0,0,0,1,1,1,0,0,0,0,0,0,0,0,0,5
UNT,F,48.9,FR,0,Hisp,b,Y,N,Y,N,Y,87,1,0,0,0,0,0,0,0,0,1,1,0,0,0,0,0,0,1,1,0,5
UNT,F,16.4,FR,1,Hisp,a. Sci+c,Y,N,N,N,N,78,0,1,1,0,0,1,0,0,1,0,0,0,0,0,0,0,1,0,0,0,5
UNT,D,66.5,FR,0,Whte,b,Y,Y,Y,N,Y,78,1,0,1,1,0,1,0,0,0,0,0,0,0,0,0,0,1,0,0,0,5
UNT,F,19.1,SO,1,"Hisp,White",a. Sci,Y,N,N,Y,N,87,1,0,0,1,1,0,0,0,1,1,0,0,0,0,0,0,0,0,0,0,5
UNT,D,66.5,JR,0,White,b,Y,Y,Y,Y,N,87,0,1,1,0,1,0,0,0,0,0,0,0,0,1,0,0,0,1,0,0,5
UNT,C,69.2,FR,0,Arab,a. Sci,Y,Y,Y,N,N,78,0,0,0,0,1,1,0,0,0,0,1,0,0,0,0,1,1,0,0,0,5
UNT,C,75.3,FR,1,Hisp,a. Sci,Y,DK,Y,N,N,78,0,0,0,0,1,0,1,0,0,0,0,0,0,1,0,0,1,0,1,0,5
UNT,B,80.9,FR,0,Asian,c,Y,N,Y,N,N,87,1,0,1,0,1,0,0,0,1,1,0,0,0,0,0,0,0,0,0,0,5
UNT,C,75.7,FR,0,Hisp,a. Sci,Y,N,Y,N,N,87,1,0,0,1,1,1,0,0,1,0,0,0,0,0,0,0,0,0,0,0,5
UNT,W,NA,JR,1,Hisp,b,Y,N,N,N,N,78,1,0,0,0,1,0,0,0,1,0,0,0,0,0,0,0,0,0,1,1,5
UNT,A,91,SO,1,White,c,Y,DK,DK,N,N,87,1,0,0,0,0,0,0,0,1,0,0,0,0,0,0,0,1,0,1,1,5
UNT,B,84.8,JR,,Hisp,c + b,Y,N,N,N,Y,78,1,0,0,1,0,0,0,0,0,0,0,0,0,0,0,0,1,0,1,1,5
UNT,F,46.9,FR,1,Black,a. Sci,Y,N,N,N,N,87,1,0,0,0,0,0,0,0,1,1,0,0,0,0,0,0,1,0,0,1,5
UNT,C,76.5,FR,1,Hisp,a. Sci,Y,N,N,N,N,78,0,0,0,0,1,0,0,0,1,1,0,0,0,0,1,0,1,0,0,0,5
UNT,F,47.9,FR,0,Hisp,a. Sci,Y,N,N,N,N,78,0,1,1,1,1,1,0,0,0,0,0,0,0,0,0,0,0,0,0,0,5
UNT,A,89.3,PB,0,White,c,Y,N,N,N,N,87,0,0,0,0,0,1,1,0,1,1,0,0,0,0,0,0,1,0,0,0,5
UNT,B,81.9,SO,0,"Black,White",c,Y,DK,Y,N,N,87,1,0,0,0,0,0,0,0,0,1,0,0,0,0,0,0,1,0,1,1,5
UNT,A,89.7,JR,1,"Hisp,White",c,Y,N,Y,N,Y,87,1,1,0,0,1,0,0,0,1,1,0,0,0,0,0,0,0,0,0,0,5
UNT,C,74.9,FR,0,"White,Asian",a. Sci,Y,DK ,N,N,N,87,1,0,0,0,0,0,0,0,0,0,1,0,0,0,0,0,1,0,1,1,5
UNT,B,86.3,SR,1,Mixed,b+a. Eng,Y,N,Y,N,N,87,1,0,0,0,0,0,0,0,0,1,0,0,0,0,0,1,1,0,0,1,5
UNT,B,84.4,FR,1,Asian,a. Sci,Y,N,N,N,N,87,1,0,0,0,0,0,1,0,0,1,0,0,0,0,0,0,1,0,1,0,5
UNT,C,76.4,FR,1,"White,Black",a. Sci,Y,Y,Y,N,N,78,1,0,0,0,0,0,0,0,0,0,0,0,0,0,0,0,1,1,1,1,5
UTXW,B,84.3,FR,0,Hisp,b,Y,N,N,N,N,87,0,0,0,0,0,0,0,0,0,1,0,0,0,0,0,0,1,1,1,1,5
UTXW,A,91,FR,0,Asian,c,Y,N,N,Y,N,78,0,0,0,0,1,0,0,0,0,0,1,0,0,0,0,0,1,0,1,1,5
ACUP,C,73.4,SO,0,Hisp,b,Y,N,N,N,N,78,1,1,1,0,1,0,0,0,0,0,0,0,0,1,0,0,1,0,0,0,6
ACUP,F,55.8,SO,1,White,a. Eng,Y,N,Y,N,N,78,1,0,0,0,0,1,0,0,1,1,0,0,0,0,0,1,1,0,0,0,6
ACUP,F,54.5,SR,0,Hisp,,N,N,N,N,N,78,1,0,0,0,1,1,0,0,0,0,0,0,0,0,0,1,1,1,0,0,6
ACUP,C,75.2,FR,1,White,a. Sci,Y,DK,Y,N,N,78,0,0,0,0,0,1,0,0,1,0,0,1,0,0,0,0,1,0,1,1,6
ACUP,D,68.1,FR,0,Hisp,b,Y,N,Y,N,N,87,1,0,1,0,1,0,0,0,0,0,0,0,0,1,1,0,1,0,0,0,6
ACUP,B,84.3,FR,0,White,b,Y,Y,Y,N,N,78,0,0,1,1,1,0,0,0,0,0,1,0,0,0,0,1,0,0,1,0,6
ACUP,C,70.7,FR,0,White,b,Y,Y,Y,N,N,78,1,0,1,0,0,1,0,0,0,1,1,0,0,0,0,0,1,0,0,0,6
ACUP,B,81,SO,0,White,b,Y,Y,Y,N,N,87,0,0,1,0,0,0,0,0,0,1,0,0,0,1,0,0,1,0,1,1,6
TAMU,W,NA,FR,0,PI,a. Sci,Y,N,N,N,N,78,1,0,0,1,1,0,0,0,1,1,1,0,0,0,0,0,0,0,0,0,6
TAMU,D,63.2,FR,1,White,b,Y,N,Y,N,N,87,0,1,1,1,1,1,0,0,0,0,0,0,0,0,0,0,1,0,0,0,6
TAMU,B,86.9,FR,0,White,b,Y,Y,Y,N,N,87,0,0,1,0,0,1,0,1,0,0,0,0,0,0,0,0,1,1,1,0,6
TAMU,W,NA,FR,0,White,a. Sci,Y,Y,Y,N,N,78,1,1,1,0,1,0,0,0,0,1,0,0,0,0,0,0,1,0,0,0,6
TAMU,C,75.7,FR,0,Hisp,b,Y,N,N,N,N,78,0,1,1,0,0,0,0,0,0,0,1,0,0,0,0,0,0,1,1,1,6
TAMU,D,66.4,FR,0,White,b,Y,Y,Y,N,N,78,1,0,1,0,1,0,0,0,0,0,0,0,0,0,1,0,1,1,0,0,6
TAMU,B,79.5,FR,0,White,SCI: c-b; b: ALL,Y,Y,Y,N,N,78,1,0,0,0,0,0,0,0,0,0,1,0,0,1,0,0,1,0,1,1,6
TAMU,D,61.5,FR,0,White,b,Y,N,Y,N,T,78,0,0,0,1,0,0,0,0,1,1,0,0,0,1,0,0,1,0,1,0,6
TAMU,C,77.6,FR,1,White,b,Y,Y,Y,N,Y,78,1,0,0,0,0,1,0,1,1,1,0,0,0,1,0,0,0,0,0,0,6
TAMU,A,90.7,FR,0,White,a. Sci,Y,Y,Y,N,N,78,0,0,0,0,0,0,0,0,0,0,1,1,1,0,0,1,1,0,1,0,6
TAMU,C,74.1,FR,0,White,c,Y,N,N,N,N,78,1,1,1,0,1,0,0,0,1,0,0,0,0,0,0,0,0,0,1,0,6
TAMU,B,82,FR,1,White,a. Sci,N,Y,Y,N,N,87,0,1,1,0,1,1,1,0,1,0,0,0,0,0,0,0,0,0,0,0,6
TAMU,D,64.5,FR,0,White,c,N,N,Y,N,N,78,0,1,0,0,0,0,0,0,1,1,0,0,0,0,0,0,1,0,1,1,6
TAMU,F,52,FR,0,Hisp,a. Sci,Y,N,N,N,Y,87,1,1,1,1,0,0,0,0,0,1,0,0,0,0,0,0,1,0,0,0,6
TAMU,D,67.4,SO,0,White,b,Y,Y,Y,N,N,78,0,0,1,0,1,0,0,0,0,0,0,0,0,1,0,0,1,1,1,0,6
TAMU,C,77.7,FR,1,Hisp,c,Y,N,Y,N,N,78,0,1,1,0,1,0,1,0,0,0,0,0,0,1,0,0,1,0,0,0,6
TAMU,B,86.5,FR,0,White,b,Y,N,Y,N,N,78,1,0,0,0,1,1,0,0,0,0,0,0,0,0,0,0,0,1,1,1,6
TAMU,B,86.5,JR,0,White,c,Y,Y,Y,N,N,87,0,1,1,0,1,0,0,0,0,0,0,0,0,1,0,1,1,0,0,0,6
TAMU,C,70.8,FR,0,White,b,Y,Y,Y,N,N,87,1,0,0,0,1,1,0,0,0,1,1,0,0,0,0,0,1,0,0,0,6
TAMU,B,84.4,FR,0,White,,Y,Y,Y,N,Y,87,1,0,0,0,1,0,0,0,1,1,0,0,0,0,0,0,1,0,0,1,6
TSU,B,80.7,FR,0,Black,b,Y,N,Y,N,N,87,1,0,0,1,1,0,0,1,1,1,0,0,0,0,0,0,0,0,0,0,6
TSU,D,67,FR,1,,a. Eng,Y,,,,,78,1,0,0,0,0,0,0,0,1,0,0,1,1,0,0,1,1,0,0,0,6
TSU,C,76.2,FR,0,Black,b,Y,Y,Y,N,N,78,1,1,0,0,0,1,0,0,0,1,0,0,0,0,0,0,0,0,1,1,6
TSU,D,67.4,FR,1,Hisp,a. Sci,Y,N,Y,N,N,87,1,0,0,1,1,1,0,0,1,1,0,0,0,0,0,0,0,0,0,0,6
TSU,C,77.6,FR,0,White,a. Eng,Y,N,N,N,N,87,0,0,0,0,1,0,0,0,1,1,0,0,0,0,0,0,1,0,1,1,6
TSU,F,47.3,FR,1,Hisp,a. Eng,Y,N,N,N,N,87,1,0,0,1,1,1,0,0,0,1,0,0,1,0,0,0,0,0,0,0,6
TSU,C,75.7,FR,1,"White,Hisp",a. Tech,Y,Y,Y,N,N,87,1,0,0,0,0,0,0,0,1,1,0,1,1,0,0,0,1,0,0,0,6
TSU,D,65.7,FR,0,Hisp,b,Y,DK,Y,N,N,78,1,0,0,0,0,0,0,0,1,0,0,1,1,0,0,0,1,1,0,0,6
TSU,F,55.6,FR,0,"White,Black",d,Y,Y,Y,N,N,78,0,0,0,0,0,1,0,0,1,1,0,1,0,0,0,0,1,0,0,1,6
UNT,C,69.7,JR,1,Hisp,a. Sci,Y,DK,Y,N,N,78,1,1,1,1,0,0,0,0,1,1,0,0,0,0,0,0,0,0,0,0,6
UNT,C,75.1,FR,0,White,a. Sci,Y,DK,N,N,N,78,0,0,1,0,1,0,0,0,0,0,1,0,0,0,0,0,1,1,1,0,6
UNT,B,80.8,SR,0,White,a. Eng,Y,DK,N,N,N,87,1,0,0,1,0,0,0,0,1,1,0,0,0,0,0,0,1,1,0,0,6
UNT,F,NA,SR,0,Black,b,Y,N,N,N,N,87,1,0,0,1,0,0,0,0,1,0,0,0,0,0,0,0,1,0,1,1,6
UNT,F,52.2,JR,1,Hisp,a. Eng,Y,N,N,N,Y,87,1,0,0,0,0,0,0,0,0,0,1,0,0,0,0,1,1,0,1,1,6
UNT,F,24.9,FR,0,Hisp,b,Y,N,N,N,N,87,1,0,1,0,0,0,0,0,0,0,0,0,0,1,0,0,1,0,1,1,6
UNT,W,NA,SO,1,Black,a. Eng,Y,N,N,N,N,78,1,0,0,0,1,1,0,0,1,1,0,0,0,0,0,0,1,0,0,0,6
UNT,B,86.2,SO,0,Asian,a. Sci,Y,N,Y,N,Y,78,1,0,0,0,1,0,0,0,0,1,1,0,0,0,0,0,1,0,1,0,6
UNT,F,51.3,SO,1,"Black,White",c,Y,Y,N,N,Y,78,0,1,1,0,0,0,0,0,1,1,0,0,0,0,0,0,1,1,0,0,6
UNT,B,87.8,SO,0,White,c,Y,N,N,N,Y,87,0,1,1,0,0,0,0,0,0,0,0,0,0,0,0,1,1,1,1,0,6
UNT,B,87,FR,1,Hisp,a. Sci,Y,DK,Y,N,N,78,1,0,0,0,1,0,`0,0,1,0,0,0,0,0,0,0,1,0,1,1,6
UNT,C,74.1,FR,1,Hisp,a. Eng,Y,N,N,N,N,87,1,0,0,1,0,1,0,0,1,1,1,0,0,0,0,0,0,0,0,0,6
UNT,B,80.5,JR,0,White,a. Sci,Y,N,N,N,N,87,0,0,0,0,1,1,0,0,1,1,1,0,0,0,0,0,1,0,0,0,6
UNT,D,60.7,FR,0,Hisp,d,Y,N,N,N,Y,78,1,0,0,1,0,0,0,0,1,1,0,0,0,0,0,0,0,0,1,1,6
UNT,D,61.6,FR,0,Hisp,a. Sci,Y,N,Y,N,N,87,0,1,1,0,1,0,0,1,1,1,0,0,0,0,0,0,0,0,0,0,6
UNT,B,87.6,FR,0,White,a. Sci,Y,DK,Y,N,N,78,0,0,0,1,0,0,1,0,0,0,1,0,0,0,0,0,1,0,1,1,6
UNT,C,68.3,FR,0,Native Am,a. Sci,Y,N,Y,N,N,78,1,1,1,0,1,0,0,0,0,0,0,0,0,1,0,0,1,0,0,0,6
UTXW,C,71.1,FR,0,Hisp,b,Y,Y,Y,N,N,78,0,0,0,0,0,0,0,0,0,1,0,1,1,0,0,0,0,1,1,1,6
UTXW,B,82.5,FR,0,White,b,Y,N,Y,N,N,78,1,1,1,0,0,0,0,0,0,0,0,0,0,1,0,0,1,0,0,1,6
UTXW,A,89.5,FR,0,White,a. Eng,Y,Y,Y,N,N,87,0,0,0,0,1,1,0,0,0,0,1,0,0,0,0,0,1,0,1,1,6
UTXW,A,90.5,FR,0,White,a. Sci,Y,Y,Y,N,N,87,1,0,0,0,0,0,0,0,1,1,0,0,0,0,0,0,1,1,0,1,6
UTXW,A,94.8,FR,1,Hisp,c,Y,N,Y,N,N,87,0,0,0,1,0,1,0,0,0,0,0,0,0,0,0,0,1,1,1,1,6
UTXW,B,85.5,FR,0,White,b,Y,N,N,N,N,78,0,0,0,0,1,0,0,0,0,0,0,0,0,0,0,1,1,1,1,1,6
UTXW,B,76,FR,0,Hisp,b,Y,N,N,N,N,87,1,0,0,0,1,0,0,1,1,1,0,0,0,1,0,0,0,0,0,0,6
ACUP,C,72.4,SO,0,White,b,N,Y,Y,N,N,87,0,1,1,0,1,1,0,0,1,1,0,0,0,0,0,0,1,0,0,0,7
ACUP,C,76.1,SO,1,Hisp,a. Sci,Y,Y,Y,N,Y,78,0,1,1,1,0,1,0,0,0,0,1,0,0,0,0,0,0,0,1,1,7
ACUP,D,68.5,FR,1,Hisp,a. Eng,Y,N,Y,Y,Y,87,0,0,0,0,1,1,0,0,1,0,1,0,0,0,0,1,0,0,1,1,7
ACUP,C,78,SO,1,White,b,Y,Y,Y,N,N,87,1,1,1,1,0,0,0,0,1,1,0,0,0,1,0,0,0,0,0,0,7
ACUP,A,95.5,FR,0,White,b,Y,DK,Y,N,N,78,0,1,0,0,1,0,0,0,0,0,0,1,1,0,0,0,1,0,1,1,7
ACUP,B,81.9,SR,0,Black,b,N,N,N,N,N,87,1,1,0,1,1,1,0,0,0,1,0,0,0,0,0,0,1,0,0,0,7
ACUP,D,61.3,SO,0,White,b,Y,DK,Y,N,N,78,1,0,0,0,1,1,1,0,0,0,1,0,0,0,0,1,1,0,0,0,7
ACUP,A,95.3,FR,1,Am Indian,b,Y,Y,Y,N,N,78,1,1,0,0,1,0,0,1,0,0,0,0,0,0,0,1,0,0,1,1,7
TAMSA,B,81,PB,0,Hisp,a. Sci,Y,N,Y,N,Y,87,1,0,1,1,0,0,0,1,0,0,0,0,0,1,1,0,1,0,0,0,7
TAMSA,D,68.1,SO,0,Hisp,,,N,,N,N,87,1,1,1,1,1,1,0,0,0,0,0,0,0,1,0,0,0,0,0,0,7
TAMSA,F,56.4,SO,0,Hisp,a. Sci,Y,N,N,N,N,87,0,0,0,0,1,1,0,0,0,1,1,0,0,1,0,1,1,0,0,0,7
TAMSA,D,66.6,JR,1,White,a. Sci,Y,N,Y,N,N,78,1,1,1,0,1,0,0,0,0,1,0,0,0,0,1,0,0,0,1,0,7
TAMSA,C,76,JR,0,Hisp,a. Sci,Y,N,Y,N,Y,87,1,0,0,1,0,0,0,0,0,0,0,0,0,1,1,0,1,0,1,1,7
TAMU,F,57.2,FR,0,White,b,Y,DK,Y,N,Y,78,0,1,1,0,1,0,0,0,1,1,0,0,0,1,0,0,1,0,0,0,7
TAMU,C,68.9,FR,0,Black,,Y,Y,Y,N,N,87,1,0,0,0,1,1,1,1,1,1,0,0,0,0,0,0,0,0,0,0,7
TAMU,A,92.6,FR,0,White,b,Y,Y,Y,N,N,78,0,1,1,0,0,1,1,0,0,0,0,0,0,1,0,0,1,0,1,0,7
TAMU,D,65.5,FR,0,Mixed,b,Y,N,N,N,N,78,0,1,1,0,1,1,0,0,0,0,0,0,0,1,0,0,0,0,1,1,7
TAMU,D,59,FR,,Hisp,b,Y,N,Y,N,N,78,1,1,1,1,0,0,0,0,1,1,0,0,0,1,0,0,0,0,0,0,7
TAMU,D,60.6,FR,0,White,a. Eng,Y,Y,Y,N,N,87,0,0,1,1,0,0,0,0,1,0,0,0,0,1,0,1,0,0,1,1,7
TAMU,D,64.8,FR,0,Hisp,b,Y,DK,DK,N,N,87,0,0,1,0,1,0,0,1,0,0,0,0,0,0,0,0,1,1,1,1,7
TAMU,C,75,FR,0,Black,b,Y,N,N,N,Y,87,1,0,1,0,1,1,0,0,1,1,0,0,0,1,0,0,0,0,0,0,7
TAMU,A,90.6,JR,0,White,c,Y,Y,Y,N,N,78,1,0,0,1,0,0,0,0,1,0,1,0,0,0,0,0,1,0,1,1,7
TAMU,B,80.7,FR,0,White,b,Y,Y,Y,N,N,78,1,0,0,0,1,1,0,0,0,1,0,0,0,1,0,0,1,1,0,0,7
TAMU,C,75.3,FR,1,White,a. Sci,Y,N,Y,N,Y,78,1,0,0,0,0,1,0,0,0,1,1,0,0,0,0,0,1,0,1,1,7
TAMU,C,72.9,FR,1,Hisp,b,Y,N,N,N,N,87,0,0,0,0,1,0,0,0,0,1,1,1,1,1,0,0,1,0,0,0,7
TAMU,B,82.6,FR,0,White,b,Y,N,Y,N,N,78,1,0,0,0,1,0,0,0,1,1,0,0,0,0,0,0,1,0,1,1,7
TAMU,C,71.3,FR,0,White,a. Sci,N,Y,Y,N,N,87,1,1,1,1,1,1,0,0,0,0,0,0,0,1,0,0,0,0,0,0,7
TAMU,F,50.8,FR,1,"White,Hisp",b,Y,Y,Y,N,N,87,1,0,1,1,1,0,0,0,0,0,0,0,0,1,0,0,1,0,0,1,7
TAMU,F,56.5,SO,0,Black,b,Y,N,Y,N,N,87,1,1,1,0,0,0,0,0,1,1,0,0,0,0,0,0,1,0,0,1,7
TAMU,B,88.5,FR,0,White,b,Y,DK,Y,N,N,78,0,1,1,0,0,0,0,0,1,1,0,0,0,0,0,0,1,0,1,1,7
TAMU,F,44.9,FR,1,White,a. Sci,Y,N,,N,Y,78,1,1,1,0,1,0,0,0,0,0,0,0,0,1,1,0,1,0,0,0,7
TAMU,C,68.6,FR,0,White,b,Y,Y,Y,N,N,87,0,1,1,0,1,1,0,1,0,1,0,0,0,0,1,0,0,0,0,0,7
TAMU,B,84.4,JR,0,White,b,Y,Y,Y,Y,N,78,1,1,1,1,0,1,0,0,0,0,0,0,0,1,0,0,0,1,0,0,7
TAMU,B,87,SO,0,Hisp,b,Y,N,N,N,N,78,1,1,0,0,0,1,0,0,1,1,0,0,0,0,0,0,0,0,1,1,7
TAMU,B,83.2,JR,0,White,b,Y,Y,Y,Y,N,78,1,0,0,0,0,1,1,0,0,0,0,0,0,0,0,0,1,1,1,1,7
TAMU,C,77.7,JR,0,White,a. Sci,Y,Y,Y,Y,N,87,0,1,1,0,1,0,0,0,0,0,0,1,0,0,0,0,1,1,1,0,7
TAMU,C,71.7,FR,0,White,a. Sci,Y,Y,Y,N,N,87,1,0,1,0,0,0,0,0,0,1,0,0,0,1,1,1,0,0,1,0,7
TAMU,C,69.2,FR,1,White,a. Sci,Y,Y,Y,Y,N,78,1,0,0,0,0,0,0,1,1,1,0,0,0,0,0,0,1,1,1,0,7
TAMU,C,76.6,SO,0,Hisp,b,Y,N,Y,N,N,87,1,1,1,0,1,0,0,0,0,0,1,0,0,0,0,0,0,0,1,1,7
TAMU,D,67.3,FR,0,Hisp,b,Y,Y,Y,N,N,87,1,0,0,0,1,1,0,0,1,1,1,0,0,0,0,0,1,0,0,0,7
TAMU,C,73.6,FR,0,White,b,Y,N,Y,N,N,78,1,0,0,0,1,0,0,0,1,1,0,0,0,0,0,0,1,0,1,1,7
TSU,C,78.4,FR,0,Mixed,b,Y,DK,Y,N,Y,87,1,0,0,1,1,0,0,0,1,1,0,0,0,0,0,0,1,0,1,0,7
TSU,C,72.3,SO,0,Hisp,b,Y,N,N,N,N,78,1,0,0,0,1,1,0,0,0,0,0,1,0,0,0,0,1,1,1,0,7
TSU,A,88.6,FR,0,Hisp,b,Y,DK,Y,N,N,87,1,1,0,1,0,0,0,0,1,1,1,0,0,0,1,0,0,0,0,0,7
TSU,W,NA,JR,1,Hisp,a. Sci,Y,N,N,N,Y,87,1,0,1,1,0,0,0,0,0,0,0,1,1,0,0,0,1,0,0,1,7
TSU,A,89.2,FR,0,"White,Asian",b,Y,Y,Y,N,N,87,0,1,1,0,1,0,0,0,0,1,0,0,0,0,0,0,1,0,1,1,7
TSU,C,75,FR,0,White,b,Y,Y,Y,N,N,87,1,0,0,0,1,0,0,0,0,1,0,0,0,0,0,1,1,0,1,1,7
UNT,D,68.6,FR,0,Hisp,b,Y,N,Y,N,N,87,1,0,0,0,1,1,0,0,1,1,1,0,0,0,0,1,0,0,0,0,7
UNT,C,75.4,JR,1,"White,Hisp",a. Eng,Y,N,Y,N,Y,87,1,1,1,0,0,1,0,0,1,1,1,0,0,0,0,0,0,0,0,0,7
UNT,W,NA,JR,1,Black,b,Y,N,Y,N,Y,87,1,1,1,0,0,0,0,0,0,1,0,0,0,0,0,0,1,0,1,1,7
UNT,B,79.9,FR,0,White,a. Sci,Y,N,N,N,N,87,0,0,1,1,0,0,0,0,0,1,0,0,0,1,0,0,1,0,1,1,7
UNT,C,71.4,FR,0,Asian,a. Sci,Y,N,Y,Y,N,87,0,0,0,1,1,1,0,0,1,0,1,0,0,0,0,1,1,0,0,0,7
UNT,W,NA,SR,0,White,a. Sci,Y,N,Y,N,Y,78,0,1,1,0,1,0,0,1,0,1,1,0,0,0,1,0,0,0,0,0,7
UNT,F,NA,FR,0,"Black,Hisp",b,Y,Y,Y,N,Y,87,1,0,0,1,0,0,0,0,1,1,0,0,0,0,0,0,1,0,1,1,7
UNT,C,71.5,FR,1,"White,Hisp",b,Y,N,Y,Y,N,87,0,1,1,1,0,0,0,1,0,1,0,0,0,0,0,0,0,1,0,1,7
UNT,D,68,JR,0,White,b,Y,DK,Y,N,Y,78,1,0,0,0,1,0,0,0,1,0,0,1,1,0,0,0,0,1,1,0,7
UNT,C,78.1,SO,1,Asian Indian,a. Eng,Y,DK,Y,N,N,78,0,0,0,1,1,0,0,0,1,1,1,0,0,0,0,0,1,1,0,0,7
UNT,B,82.9,SO,1,White,a. Eng,Y,DK,Y,N,N,78,1,0,0,0,1,0,0,0,1,1,1,0,0,0,0,0,1,1,0,0,7
UNT,F,58.9,SR,1,White,a. Eng,N,N,N,N,Y,87,1,1,1,0,0,0,0,0,1,1,1,0,0,0,0,0,1,0,0,0,7
UNT,C,72,SO,1,White,a. Sci,Y,N,Y,N,N,78,0,0,1,0,0,1,0,0,1,1,1,0,0,0,1,0,0,0,1,0,7
UNT,F,27.4,FR,1,Black,b+a. Eng,Y,N,N,N,N,87,1,0,0,1,1,0,0,0,1,1,0,0,0,0,0,0,0,0,1,1,7
UNT,F,35.7,FR,1,White,a. Eng,Y,DK,Y,N,N,78,0,0,0,1,1,1,0,0,1,1,0,0,0,0,0,0,0,0,1,1,7
UNT,B,79.7,FR,0,Asian,a. Eng,Y,N,Y,N,N,78,0,0,1,0,0,1,1,0,0,1,0,0,0,0,0,0,1,0,1,1,7
UNT,F,57.3,SO,1,Hisp,b+a. Eng,Y,N,Y,N,N,78,0,1,1,1,1,1,0,0,0,0,0,0,0,0,0,0,1,1,0,0,7
UNT,C,78,JR,1,Hisp,a. Eng,Y,N,N,N,N,87,1,1,0,0,1,0,0,0,0,1,0,0,0,1,0,0,0,1,1,0,7
UNT,A,91.6,FR,0,Asian,a. Sci,Y,N,N,N,N,87,1,0,1,0,1,0,0,0,0,0,0,0,0,0,1,0,1,0,1,1,7
UTXW,A,94.5,FR,0,White,a. Sci,N,Y,Y,N,N,87,0,0,0,0,1,0,0,1,0,0,1,0,0,1,0,0,1,1,1,0,7
UTXW,C,67,FR,0,Hisp,b,Y,N,N,N,Y,78,1,0,1,1,1,0,0,1,1,0,0,0,0,1,0,0,0,0,0,0,7
UTXW,A,92.7,SO,1,Hisp,b,Y,Y,Y,Y,N,78,1,1,1,0,1,1,0,0,0,0,0,0,0,1,0,0,0,0,1,0,7
UTXW,C,68.1,FR,1,Black,b,Y,N,N,Y,N,78,0,0,1,1,1,0,0,1,1,0,0,0,0,0,0,1,0,1,0,0,7
UTXW,B,79.3,FR,0,White,b,N,Y,Y,N,N,78,0,0,0,0,0,1,1,1,1,1,1,0,0,0,0,0,0,0,1,0,7
UTXW,C,70.6,FR,0,Hisp,a. Sci,Y,Y,Y,N,N,78,1,0,0,0,0,0,0,0,0,0,1,1,1,0,0,0,1,0,1,1,7
UTXW,B,84.1,FR,0,White,a. Sci,Y,N,N,N,N,78,1,0,0,0,1,0,0,0,0,0,1,1,1,0,0,0,1,0,1,0,7
ACUP,B,83.2,FR,0,Asian,b,Y,N,N,N,N,87,1,1,1,0,0,1,0,1,1,0,0,0,0,1,0,1,0,0,0,0,8
ACUP,A,91.3,SO,1,White,a. Math,Y,DK,Y,N,N,87,1,0,0,1,0,1,0,0,1,1,1,0,0,0,0,0,0,0,1,1,8
ACUP,B,85.6,FR,0,White,b,Y,DK,Y,N,Y,78,0,0,0,0,1,1,0,1,0,1,0,1,1,0,0,1,1,0,0,0,8
ACUP,C,76.8,FR,1,Hisp,b,Y,N,Y,N,N,87,1,1,1,1,0,1,0,0,1,1,0,0,0,0,0,0,1,0,0,0,8
ACUP,C,71.1,FR,1,Black,a. Eng,Y,Y,N,N,N,87,1,0,0,0,1,1,0,0,1,1,0,1,0,0,0,0,0,0,1,1,8
TAMSA,F,46.2,SO,1,Hisp,b,Y,Y,Y,N,N,78,0,1,1,1,1,0,0,0,0,0,1,0,0,0,0,1,1,1,0,0,8
TAMSA,A,94,FR,0,Mixed,a. Sci,Y,N,N,N,N,87,1,1,1,0,0,0,0,0,1,1,0,0,0,1,0,1,1,0,0,0,8
TAMSA,W,NA,SO,1,Hisp,a. Sci,Y,DK,Y,N,Y,87,1,1,1,0,1,0,0,0,0,1,0,0,0,1,1,0,1,0,0,0,8
TAMSA,C,74,SO,0,Hisp,a. Sci,Y,N,N,N,Y,78,1,0,0,1,1,1,0,0,1,1,0,0,0,0,0,0,1,1,0,0,8
TAMU,C,70.7,FR,0,White,a. Sci,Y,N,Y,N,N,87,1,0,0,0,0,1,0,0,0,0,1,0,0,0,0,1,1,1,1,1,8
TAMU,B,85.7,FR,1,Hisp,a. Math,Y,DK,N,N,N,87,1,1,0,1,0,0,0,0,0,1,1,0,0,1,0,1,1,0,0,0,8
TAMU,C,68.2,FR,0,White,a. Sci,Y,DK,Y,N,N,87,1,0,0,1,1,0,0,0,1,0,0,1,0,1,0,0,0,0,1,1,8
TAMU,C,69.4,FR,1,"White, Asian",a. Sci,Y,DK,Y,N,N,87,0,0,0,1,1,1,0,0,1,1,1,0,0,0,0,0,1,1,0,0,8
TAMU,B,82.4,FR,0,"White,Hisp",a. Sci,Y,DK,Y,N,N,87,0,1,1,0,1,1,0,1,0,0,0,0,0,1,0,0,1,0,1,0,8
TAMU,A,89.3,FR,0,White,b,Y,Y,Y,N,N,78,1,1,1,0,1,1,0,1,0,0,0,0,0,0,0,0,1,0,1,0,8
TAMU,B,88.7,FR,0,White,b,,Y,Y,N,N,78,0,1,0,0,1,0,0,1,0,0,0,0,0,1,1,1,1,1,0,0,8
TAMU,C,69.2,SO,0,Hisp,"SCI: c, b & b",Y,N,N,N,N,87,1,1,1,0,0,0,0,1,0,1,0,0,0,1,1,0,1,0,0,0,8
TAMU,A,94,FR,1,White,a. Sci,Y,DK,Y,N,N,87,0,0,1,0,0,1,0,0,0,0,1,1,0,0,0,0,1,1,1,1,8
TAMU,B,81.3,FR,0,White,a. Sci,Y,N,N,N,N,87,1,0,1,0,1,0,0,0,0,0,0,1,1,1,0,0,0,0,1,1,8
TAMU,C,71.8,FR,0,White,a. Sci,Y,DK,Y,N,Y,78,1,0,0,0,0,1,0,0,1,1,0,0,0,0,1,0,0,1,1,1,8
TAMU,C,71.4,JR,0,Hisp,b,Y,N,Y,Y,Y,87,0,0,0,0,1,1,0,0,0,1,0,1,1,0,0,0,1,0,1,1,8
TAMU,W,NA,SO,0,Hisp,b,Y,N,N,N,N,87,1,1,1,0,0,0,0,0,1,1,1,0,0,0,0,0,0,0,1,1,8
TAMU,B,81.4,FR,0,White,a. Sci,Y,Y,Y,N,N,87,1,0,1,0,0,0,0,1,1,1,0,0,0,0,0,0,1,0,1,1,8
TAMU,D,67.2,SO,0,Hisp,b,Y,Y,N,N,N,78,1,0,1,0,1,1,0,0,0,1,0,0,0,1,1,0,1,0,0,0,8
TAMU,C,73.6,SO,0,"White,Hisp",b,Y,N,Y,N,N,87,1,1,1,0,0,0,0,1,0,0,0,0,0,1,0,1,0,0,1,1,8
TAMU,A,89.6,FR,0,Hisp,,Y,Y,Y,N,N,87,0,0,0,0,1,1,0,0,0,1,1,0,0,0,1,0,1,0,1,1,8
TAMU,W,NA,FR,0,"White,Hisp",b,Y,Y,Y,N,N,87,0,1,1,0,1,0,0,1,0,0,0,0,0,0,0,0,1,1,1,1,8
TAMU,C,77.9,FR,0,Hisp,c,Y,Y,Y,N,N,78,1,0,0,0,0,1,0,0,1,1,0,0,0,1,0,0,1,0,1,1,8
TAMU,B,80,FR,0,Hisp,b,Y,Y,Y,N,N,78,1,0,0,1,0,1,1,0,0,1,0,0,0,0,0,0,1,0,1,1,8
UNT,B,80.5,FR,1,Hisp,a. Eng,Y,N,N,Y,Y,87,1,0,0,1,1,0,0,0,1,1,0,1,0,0,0,0,1,1,0,0,8
UNT,B,87,SO,1,Hisp,a. Math,Y,N,N,N,Y,78,1,0,0,1,1,0,0,0,1,1,1,0,0,0,0,0,1,1,0,0,8
UNT,C,76.7,FR,1,White,b,Y,Y,Y,N,N,87,1,1,1,1,1,1,0,0,1,1,0,0,0,0,0,0,0,0,0,0,8
UNT,B,83.8,JR,1,"White,Asian",a. Sci,Y,Y,Y,N,Y,87,1,1,1,1,0,1,0,0,1,1,0,0,0,0,1,0,0,0,0,0,8
UNT,W,NA,SO,0,White,a. Sci,Y,N,Y,N,Y,87,0,0,0,1,0,1,1,0,1,0,0,0,0,0,0,0,1,1,1,1,8
UNT,A,89.8,FR,1,White,b,Y,Y,Y,N,N,87,1,1,1,1,1,0,0,1,0,0,0,0,0,1,0,0,1,0,0,0,8
UNT,F,39.7,PB,1,White,a. Sci,N,N,N,N,N,78,0,1,1,0,1,1,0,1,1,1,0,0,0,0,0,0,0,1,0,0,8
UNT,F,23.7,SO,0,White,a. Eng,Y,N,N,N,Y,78,0,1,0,0,1,0,0,0,1,1,1,0,0,0,1,0,1,0,0,1,8
UNT,A,92.2,SO,1,"Black,Hisp",a. Eng,Y,DK,Y,N,Y,78,1,1,1,1,1,0,0,0,0,0,1,0,0,1,0,0,0,1,0,0,8
UNT,B,81.7,PB,0,White,c,Y,Y,Y,N,Y,78,1,0,0,1,0,1,0,0,1,1,1,0,0,0,0,0,1,0,1,0,8
UNT,C,76.9,FR,1,White,a. Eng,Y,N,Y,N,N,78,0,1,0,1,0,0,0,1,1,1,1,0,0,0,0,0,1,0,0,1,8
UNT,B,83.6,FR,0,White,b,Y,Y,Y,Y,N,87,1,1,0,0,0,0,0,0,0,0,1,0,0,1,1,0,1,0,1,1,8
UNT,F,26.3,SO,1,White,a. Sci,Y,Y,Y,N,Y,78,0,1,1,1,0,1,0,1,0,0,1,0,0,0,0,1,1,0,0,0,8
UNT,D,65,FR,0,Hisp,a. Sci,Y,N,N,Y,N,87,0,1,1,0,0,0,0,0,1,1,0,1,1,0,0,0,1,0,0,1,8
UNT,B,85.5,FR,1,Black,a. Eng,Y,Y,N,N,N,87,0,0,0,0,1,1,1,0,0,1,1,0,1,0,0,0,1,1,0,0,8
UNT,A,89.1,FR,0,Black,a. Sci,Y,Y,Y,N,N,87,0,1,1,1,1,0,0,0,1,1,1,0,0,0,0,0,1,0,0,0,8
UNT,A,95,SO,1,Hisp,a. Eng,N,Y,Y,N,N,87,0,0,0,1,0,1,0,0,1,1,1,0,0,0,1,1,1,0,0,0,8
UNT,D,65.4,FR,0,Asian,a. Sci,Y,N,N,N,Y,78,1,0,0,0,0,1,0,0,1,1,0,0,0,0,0,0,1,1,1,1,8
UNT,D,64.4,FR,0,Asian,a. Sci,Y,DK,Y,N,N,78,1,0,0,1,1,0,0,0,1,1,0,0,0,0,0,0,1,0,1,1,8
UNT,B,85.4,FR,0,Hisp,c,N,N,N,N,N,78,1,0,0,1,1,0,1,0,0,0,0,0,0,0,0,0,1,1,1,1,8
UTXW,A,86.7,FR,1,Hisp,b,Y,N,N,N,N,87,0,0,1,1,1,1,0,0,0,0,1,0,0,1,0,1,1,0,0,0,8
UTXW,A,89.7,FR,0,"White,Black",b,Y,N,N,N,N,78,1,0,0,1,1,1,0,0,0,1,0,0,0,0,0,0,0,1,1,1,8
UTXW,C,73.8,FR,0,Asian,b,Y,DK,DK,N,N,78,1,0,0,0,1,1,0,0,0,1,1,0,0,1,0,0,1,0,1,0,8
UTXW,B,85.3,FR,1,Hisp,b,Y,N,N,N,N,78,1,1,1,0,0,0,0,0,1,0,1,0,0,1,1,0,0,0,1,0,8
UTXW,A,98.9,FR,0,Hisp,b,Y,N,N,N,Y,87,1,1,1,0,0,0,0,0,0,1,1,0,0,0,0,1,1,1,0,0,8
UTXW,B,78.4,FR,0,Hisp,a. Sci,Y,N,N,N,N,78,1,1,1,1,1,0,0,1,0,0,0,0,0,1,0,0,1,0,0,0,8
UTXW,C,72.5,FR,0,Hisp,b,Y,Y,Y,N,N,78,1,0,1,1,1,1,0,0,1,1,0,0,0,0,0,0,0,0,1,0,8
UTXW,A,89.7,FR,1,Hisp,a. Sci,Y,N,Y,N,N,87,1,0,1,0,1,1,0,0,1,1,1,0,0,0,0,0,0,0,0,1,8
UTXW,B,82.6,FR,1,Hisp,a. Sci,Y,N,N,N,N,87,0,0,1,0,1,1,0,0,0,1,0,0,0,1,0,0,0,1,1,1,8
UTXW,C,73.2,FR,1,Hisp,c,Y,N,N,Y,N,87,1,1,1,0,0,0,0,0,1,1,0,0,0,0,0,0,1,0,1,1,8
ACUP,F,59.3,SO,1,White,a. Eng,Y,Y,Y,N,Y,78,0,0,0,1,1,1,0,0,1,1,0,1,1,0,0,0,0,0,1,1,9
ACUP,B,89.3,SR,1,White,a. Sci,Y,N,Y,N,Y,78,0,1,1,1,0,0,0,0,1,1,0,0,0,0,1,0,1,0,1,1,9
ACUP,A,91.9,SR,1,White,c,Y,Y,Y,N,Y,87,1,1,1,0,1,0,0,0,0,1,1,0,0,1,0,0,1,0,1,0,9
ACUP,C,78.6,FR,1,White,a. Eng,Y,N,N,N,N,87,1,0,1,1,1,0,0,0,0,0,0,1,0,1,1,0,1,0,1,0,9
ACUP,A,90.8,SO,1,White,b,Y,DK,Y,N,N,78,1,0,0,1,0,1,0,0,1,0,0,0,0,0,0,1,1,1,1,1,9
ACUP,B,85.4,FR,0,White,b,Y,Y,Y,N,N,87,1,0,1,1,0,1,0,1,0,0,0,0,0,0,1,1,0,0,1,1,9
ACUP,B,81.3,JR,1,White,a. Sci,Y,Y,Y,N,N,78,1,0,0,0,1,1,0,0,1,1,0,1,1,0,0,0,1,1,0,0,9
ACUP,C,72.4,SO,1,White,a. Eng,Y,Y,Y,N,N,78,1,0,0,0,1,1,0,0,1,1,1,0,0,0,0,1,1,1,0,0,9
ACUP,B,86,JR,0,Black,a. Sci,N,DK,Y,N,Y,78,0,1,1,0,0,1,0,1,1,1,1,0,0,0,0,0,1,1,0,0,9
ACUP,A,91.5,FR,1,White,b,Y,Y,Y,N,N,87,1,1,1,1,0,0,0,0,0,1,0,0,0,0,0,0,1,1,1,1,9
TAMSA,B,81.1,PB,0,Asian,d,N,DK,Y,Y,N,78,0,0,0,1,1,1,1,0,1,1,0,0,0,1,0,0,1,1,0,0,9
TAMSA,C,72,JR,0,White,b,N,DK,N,N,Y,78,1,1,1,0,1,0,0,0,1,1,0,0,0,0,0,0,1,0,1,1,9
TAMSA,A,90,JR,0,Hisp,b,Y,N,N,n,Y,78,1,0,0,0,1,1,1,1,0,0,1,0,0,0,0,0,0,1,1,1,9
TAMU,C,73.8,FR,0,Hisp,b,N,Y,Y,N,N,87,0,0,1,1,1,1,0,0,1,0,0,0,0,1,0,1,1,0,0,1,9
TAMU,C,71.8,FR,0,White,a. Sci,Y,Y,Y,N,N,87,0,1,1,1,0,0,0,1,1,1,0,0,0,1,0,0,1,0,1,0,9
TAMU,B,80.3,FR,1,White,a. Sci,Y,Y,Y,N,N,87,0,0,1,1,1,0,0,0,0,1,0,0,0,1,1,0,1,0,1,1,9
TAMU,A,96.2,SO,1,White,a. Sci,Y,Y,Y,N,N,78,0,1,1,1,1,0,0,1,1,1,0,0,0,0,0,1,1,0,0,0,9
TAMU,C,69.9,FR,0,Hisp,a. Sci,Y,Y,Y,N,N,78,0,1,1,1,0,1,0,1,0,1,1,0,0,0,1,0,0,1,0,0,9
TAMU,B,88.5,FR,0,White,b,Y,Y,Y,N,N,87,0,0,1,0,1,1,0,0,1,1,0,0,0,1,1,0,1,0,1,0,9
TAMU,B,85.8,FR,0,White,b,Y,N,N,N,N,78,1,0,0,1,1,1,0,0,0,1,1,0,0,0,0,0,1,0,1,1,9
TAMU,B,82.2,SO,0,White,b,Y,DK,Y,Y,N,78,1,0,0,0,1,1,0,0,1,1,0,0,0,0,0,0,1,1,1,1,9
TAMU,B,85.5,FR,0,White,b,Y,N,Y,N,N,78,1,0,0,1,1,1,0,1,0,1,0,0,0,1,0,0,0,1,1,0,9
TAMU,B,81.7,FR,0,White,b,Y,N,Y,N,Y,87,1,1,1,1,0,1,1,0,1,0,0,0,0,0,0,1,1,0,0,0,9
TAMU,B,88.8,SO,0,White,b,Y,Y,Y,N,N,87,1,0,1,0,1,0,0,0,1,0,0,0,0,1,0,1,1,1,1,0,9
TAMU,B,81.7,FR,0,White,a. Sci,Y,Y,Y,N,N,78,0,1,1,0,1,1,0,0,0,1,0,0,0,1,0,0,0,1,1,1,9
TAMU,C,77.1,FR,0,White,a. Sci,Y,N,Y,N,N,78,1,0,0,1,1,0,0,0,1,1,1,0,0,0,0,0,1,0,1,1,9
TAMU,D,66.9,FR,0,Hisp,a. Sci,Y,N,N,N,N,78,1,0,1,0,1,0,0,0,1,1,0,0,0,1,0,0,1,0,1,1,9
TAMU,B,82.7,FR,0,White,STEM,Y,DK,Y,N,N,87,1,0,0,0,0,1,0,0,1,1,0,0,0,1,0,1,1,0,1,1,9
TAMU,B,86.2,FR,0,Asian,a. Eng,Y,Y,Y,N,N,78,0,1,0,0,1,0,1,0,1,0,1,0,0,0,0,1,1,0,1,1,9
TAMU,A,91,SO,0,White,b,Y,Y,Y,N,N,78,1,0,0,0,0,1,1,0,1,1,1,0,0,0,0,0,1,0,1,1,9
TAMU,B,85.1,FR,1,White,a. Sci,Y,Y,Y,N,N,78,1,1,1,0,1,1,1,1,1,1,0,0,0,0,0,0,0,0,0,0,9
TAMU,D,60.3,FR,0,Hisp,b,Y,N,N,N,N,78,0,1,1,0,0,1,0,1,1,1,0,0,0,1,0,1,0,0,1,0,9
TAMU,D,58.2,FR,1,White,a. Sci,Y,N,Y,N,N,87,1,1,1,1,1,1,0,0,0,1,0,0,0,0,0,0,1,0,0,1,9
TAMU,C,76,SO,0,White,b,Y,N,Y,N,N,78,1,1,0,0,1,1,0,0,1,1,0,0,0,1,1,0,0,1,0,0,9
TAMU,D,66.8,FR,0,"White,Hisp",c,,N,N,N,N,87,1,0,1,1,0,1,0,1,0,1,0,0,0,1,0,0,0,0,1,1,9
TAMU,B,80,FR,0,White,b,Y,N,Y,N,N,87,1,1,1,1,1,0,0,1,0,0,0,0,0,1,0,0,1,0,0,1,9
TAMU,B,87.2,FR,0,Hisp,a. Sci,Y,Y,N,N,N,87,0,0,0,1,0,1,0,0,0,1,0,0,0,1,0,1,1,1,1,1,9
TAMU,B,79.2,FR,0,Mixed,a. Sci,Y,Y,Y,N,N,78,1,1,1,0,1,0,0,0,0,0,0,1,1,1,0,0,1,0,1,0,9
TSU,B,83.6,SO,0,White,c,Y,Y,Y,N,N,87,1,0,0,0,1,1,0,0,1,0,1,1,0,0,0,0,1,0,1,1,9
TSU,D,60,SO,1,White,a. Sci,Y,Y,Y,N,Y,78,0,0,1,1,0,1,0,0,0,0,0,0,1,0,0,1,1,1,1,1,9
TSU,D,61.9,FR,1,,a. Sci,Y,,,,,78,1,0,0,1,1,1,0,0,1,1,0,1,1,0,0,0,0,0,1,0,9
TSU,B,80.1,FR,0,Hisp,a. Eng,N,DK,Y,N,N,78,0,1,1,1,0,1,1,1,1,1,0,0,0,0,0,0,1,0,0,0,9
TSU,D,64.9,JR,0,Hisp,d,Y,Y,Y,N,Y,78,1,0,0,1,1,1,0,0,1,1,0,1,1,0,0,0,1,0,0,0,9
UNT,C,76.6,FR,1,Arab,a. Eng,N,DK,Y,N,N,87,1,0,0,0,0,0,1,1,1,0,1,0,0,1,0,0,1,0,1,1,9
UNT,C,77.5,SO,1,Hisp,a. Eng,Y,N,N,N,Y,78,1,0,0,1,1,0,0,0,0,1,1,0,0,1,1,1,1,0,0,0,9
UNT,C,76.4,FR,0,Hisp,a. Sci,Y,N,N,N,N,78,1,1,1,0,0,1,0,1,0,1,0,0,0,0,0,0,1,0,1,1,9
UNT,F,19.2,FR,1,Hisp,a. Eng,Y,N,N,N,Y,87,0,0,0,1,1,1,0,0,1,1,0,0,0,0,0,1,1,0,1,1,9
UNT,D,66.1,FR,0,"White,Hisp",c,Y,N,Y,N,Y,87,1,1,1,0,0,1,0,0,1,1,0,0,0,0,0,0,1,0,1,1,9
UNT,C,77.3,SO,0,White,a. Sci,N,N,N,N,N,78,1,1,1,0,0,0,1,1,1,1,0,0,0,0,0,0,0,1,1,0,9
UNT,C,77.3,SR,0,White,c,Y,Y,Y,N,N,78,1,1,1,0,1,1,0,1,1,0,0,0,0,1,0,0,0,0,1,0,9
UNT,B,79.8,FR,1,White,a. Eng,Y,Y,Y,N,N,78,1,1,1,0,1,0,1,0,1,1,0,0,0,0,1,0,0,0,1,0,9
UNT,A,90.1,FR,0,Asian,a. Eng,Y,N,Y,N,N,78,1,0,0,1,1,0,1,0,1,0,0,0,0,0,0,1,1,0,1,1,9
UNT,D,62.2,FR,0,"White,Hisp",a. Sci,Y,N,Y,N,N,87,1,1,1,0,1,1,0,0,1,1,0,0,0,0,0,1,1,0,0,0,9
UNT,D,68.5,FR,1,White,a. Tech,Y,Y,Y,N,N,78,1,0,0,1,1,1,0,0,0,1,0,0,0,0,0,1,1,0,1,1,9
UNT,B,85.9,JR,1,White,b,Y,N,N,N,N,87,0,0,0,0,1,0,0,0,1,1,0,0,0,1,1,1,1,0,1,1,9
UNT,A,95.4,FR,0,White,a. Eng,N,Y,Y,N,Y,78,0,0,0,0,1,0,0,1,1,1,1,0,0,0,0,0,1,1,1,1,9
UNT,C,76.6,SR,0,Asian,a. Eng,N,N,Y,N,Y,87,1,1,1,1,1,1,1,1,1,0,0,0,0,0,0,0,0,0,0,0,9
UNT,A,96.2,PB,0,White,Other,Y,N,Y,Y,N,87,1,0,0,0,0,1,0,0,1,1,1,0,0,0,0,1,1,0,1,1,9
UNT,F,56.8,SO,1,Hisp,b+a. Eng,Y,N,N,N,N,78,1,0,0,1,1,1,0,0,1,1,0,0,0,0,0,1,0,0,1,1,9
UNT,D,61.9,SO,0,White,c,Y,Y,Y,N,N,78,1,0,0,0,1,1,1,0,1,0,0,0,0,0,0,1,0,1,1,1,9
UNT,C,74.9,FR,1,Hisp,a. Sci,Y,N,N,N,Y,87,1,1,1,0,0,1,0,1,1,1,0,0,0,0,0,0,1,0,0,1,9
UNT,B,83.4,FR,1,Black,a. Sci,Y,Y,Y,N,N,87,0,1,1,1,1,0,1,0,1,1,0,0,0,1,0,0,1,0,0,0,9
UNT,C,68.2,FR,1,Hisp,a. Eng,Y,N,N,N,N,78,1,0,0,1,1,0,1,0,1,1,0,0,0,0,0,0,1,0,1,1,9
UNT,C,76.8,JR,1,Hisp,a. Eng,Y,N,N,N,N,78,1,0,0,0,1,0,1,0,1,1,1,0,0,0,0,0,1,1,1,0,9
UNT,B,83.5,FR,0,Asian,a. Sci,Y,N,Y,N,Y,78,1,0,0,0,1,1,1,1,0,1,0,0,1,0,0,0,1,0,1,0,9
UTXW,C,73.3,FR,0,Black,b,Y,Y,N,N,N,87,0,1,1,1,1,1,0,0,1,1,0,0,0,0,0,0,0,1,1,0,9
UTXW,A,93.6,FR,1,Hisp,b,Y,DK,Y,N,N,87,1,0,0,1,1,1,0,0,1,1,1,1,1,0,0,0,0,0,0,0,9
UTXW,A,87.9,FR,1,Hisp,b,Y,N,N,N,N,78,0,1,0,0,0,0,0,0,0,1,1,0,0,1,0,1,1,1,1,1,9
UTXW,A,87.6,FR,0,Black,b,Y,DK,Y,N,N,87,1,1,1,1,1,0,0,0,0,0,1,0,0,1,0,0,1,0,1,0,9
UTXW,B,81.3,FR,1,White,b,Y,N,Y,N,N,78,1,1,0,1,1,1,0,0,0,0,1,0,0,0,0,1,0,0,1,1,9
UTXW,C,69.4,FR,1,Hisp,c,Y,N,Y,N,N,87,1,0,0,0,1,1,0,0,1,1,1,0,0,0,0,0,1,0,1,1,9
UTXW,A,99.1,FR,0,White,a. Sci,Y,N,Y,N,N,78,1,1,1,0,1,0,0,0,0,0,1,0,0,0,0,1,1,0,1,1,9
UTXW,C,72.7,FR,0,Black,b,Y,N,Y,N,Y,78,1,1,1,0,0,0,0,0,1,1,0,0,0,0,0,1,0,1,1,1,9
UTXW,C,74.5,FR,0,Asian,a. Eng,Y,N,Y,N,N,78,1,1,0,0,1,1,0,0,1,1,1,0,0,0,0,1,0,0,1,0,9
UTXW,C,73.8,FR,1,White,d,Y,Y,N,N,N,78,0,1,1,0,0,0,0,1,1,0,1,1,0,1,0,0,0,0,1,1,9
UTXW,A,95.1,FR,1,Hisp,b,Y,N,Y,N,N,78,1,0,0,0,1,1,0,0,1,1,0,0,0,0,0,0,1,1,1,1,9
UTXW,A,97.1,FR,0,Hisp,b,Y,Y,Y,N,N,87,1,0,0,1,1,0,0,0,1,1,1,0,0,1,0,0,1,1,0,0,9
UTXW,A,92.5,FR,0,Hisp,b,Y,N,N,N,N,78,1,0,1,0,1,0,1,0,1,1,0,0,0,1,0,1,0,0,0,1,9
UTXW,B,80,FR,1,Hisp,a. Eng,Y,N,Y,N,N,78,0,0,0,0,1,0,1,0,1,1,0,0,0,0,0,1,1,1,1,1,9
ACUP,A,89.5,FR,0,Hisp,a. Sci,Y,N,N,N,N,87,1,1,1,0,1,1,0,0,1,0,0,0,0,1,1,0,1,0,1,0,10
ACUP,B,86.6,FR,0,Hisp,b,Y,N,Y,N,N,78,1,0,0,1,1,1,0,0,1,1,1,0,0,0,0,0,1,1,1,0,10
ACUP,B,80.9,SO,1,Hisp,b,Y,N,N,N,Y,87,1,0,0,0,1,1,0,0,1,1,1,0,0,1,0,0,1,1,1,0,10
ACUP,A,90.1,SR,0,White,d,Y,Y,Y,N,N,87,1,1,1,1,0,0,0,0,1,1,0,0,0,1,0,0,1,0,1,1,10
ACUP,B,85.1,SO,0,White,b,Y,Y,Y,N,N,78,1,0,0,1,1,1,0,0,1,0,0,0,0,0,0,1,1,1,1,1,10
TAMSA,C,70,SO,0,Hisp,b,Y,DK,N,Y,N,78,1,1,1,0,1,1,0,1,0,0,1,1,1,0,0,0,0,1,0,0,10
TAMU,A,94.5,FR,0,White,a. Sci,Y,Y,Y,N,N,78,1,1,1,1,1,0,0,0,0,0,1,0,0,0,0,0,1,1,1,1,10
TAMU,A,89.5,FR,0,White,a. Sci,Y,Y,Y,N,N,87,0,1,1,0,1,0,0,0,0,1,1,0,0,1,1,0,1,1,1,0,10
TAMU,B,88.3,FR,1,White,b,Y,Y,Y,N,N,78,1,0,0,0,1,1,1,1,0,0,1,0,0,1,0,1,1,0,1,0,10
TAMU,A,89,FR,0,White,b,Y,Y,Y,N,N,78,1,0,0,0,1,1,0,1,1,0,0,0,0,1,1,0,1,1,1,0,10
TAMU,B,88.1,FR,1,White,b,Y,DK,Y,N,N,87,1,1,1,0,0,1,0,1,0,0,0,0,0,1,0,1,1,0,1,1,10
TAMU,D,65.7,FR,0,Hisp,b,Y,N,Y,N,N,78,0,0,0,1,1,1,0,0,1,1,1,0,0,1,0,0,0,1,1,1,10
TAMU,F,41.9,FR,0,Hisp,a. Sci,Y,N,N,Y,N,87,0,1,1,0,1,1,1,1,0,0,0,0,0,1,1,0,1,0,0,1,10
TAMU,B,85,FR,0,Hisp,b,Y,N,N,Y,N,87,1,0,1,0,1,1,0,0,0,1,1,1,0,0,0,0,1,1,1,0,10
TAMU,C,73.4,FR,0,White,b,Y,Y,Y,N,N,78,0,0,0,0,1,1,0,0,0,0,0,1,1,1,1,0,1,1,1,1,10
TAMU,C,77.5,FR,1,White,b,Y,Y,Y,N,N,87,0,1,1,1,1,1,0,0,1,0,0,0,1,0,0,0,0,1,1,1,10
TAMU,D,64.2,FR,0,White,a. Sci,Y,N,N,N,N,78,1,1,1,1,0,1,1,0,1,0,0,0,0,0,1,0,0,1,1,0,10
TAMU,B,84.7,SO,0,White,a. Sci,Y,Y,Y,N,N,87,1,1,1,1,1,0,0,0,0,1,0,0,0,1,1,0,0,0,1,1,10
TAMU,A,93.3,SO,1,White,b,Y,Y,Y,N,N,87,1,1,1,0,0,0,0,0,1,0,0,0,0,0,1,1,1,1,1,1,10
TAMU,A,98.9,FR,0,White,a. Sci,Y,Y,,N,N,87,1,1,1,1,0,1,0,0,1,1,0,0,0,1,0,0,0,0,1,1,10
TAMU,B,85.6,FR,0,Hisp,b,Y,N,N,N,Y,87,1,1,1,0,1,0,0,0,0,1,0,1,0,0,0,1,1,1,0,1,10
TAMU,C,70.6,FR,0,White,a. Sci,Y,N,Y,Y,Y,87,0,0,1,0,1,1,1,0,1,1,1,0,0,1,1,0,1,0,0,0,10
TAMU,C,74.2,SO,0,White,a. Sci,Y,N,Y,N,N,78,1,1,1,0,1,0,0,0,1,1,0,0,0,0,0,0,1,1,1,1,10
TAMU,B,79.5,FR,0,Hisp,a. Math,Y,N,N,N,Y,87,1,1,1,1,1,0,0,0,1,0,0,0,0,1,0,0,1,0,1,1,10
TAMU,D,66.6,FR,,"White,Black",a. Sci,Y,N,Y,N,N,87,1,0,1,1,0,0,1,0,0,0,1,0,0,1,1,0,1,0,1,1,10
TAMU,A,92,FR,0,White,b,Y,Y,Y,N,N,78,1,0,0,0,1,1,1,1,0,0,0,0,0,1,0,0,1,1,1,1,10
TAMU,C,69.9,JR,0,Hisp,a. Sci,Y,N,N,N,N,87,0,0,1,0,0,1,0,1,1,1,1,0,0,1,0,0,1,0,1,1,10
TAMU,B,88.8,FR,1,Asian,b,Y,DK,N,N,N,87,1,1,1,0,0,1,0,1,1,1,1,0,0,0,0,0,0,0,1,1,10
TAMU,B,87.3,FR,0,White,b,Y,Y,Y,N,N,87,0,1,1,1,1,0,0,0,1,0,1,0,0,1,1,0,1,0,1,0,10
TAMU,D,58.2,SO,0,Hisp,a. Sci,Y,Y,N,N,N,87,1,1,1,0,0,1,0,0,1,1,0,0,0,1,0,0,1,0,1,1,10
TAMU,C,71.6,FR,0,Hisp,b,Y,N,N,Y,N,87,0,1,0,1,0,1,1,0,1,1,1,0,0,0,0,0,1,0,1,1,10
TAMU,B,82.7,FR,1,Hisp,STEM,Y,Y,Y,N,N,78,1,1,0,0,1,1,0,0,1,1,0,1,1,1,0,0,1,0,0,0,10
TAMU,D,66,FR,1,"Hisp,White",b,Y,N,N,N,N,87,1,1,1,0,0,1,0,1,1,1,0,0,0,1,0,0,0,0,1,1,10
TAMU,D,67.1,FR,0,White,c,Y,Y,Y,N,N,87,0,1,1,1,0,0,0,0,0,1,0,0,1,1,0,0,1,1,1,1,10
TAMU,B,83.6,FR,0,"White,Asian",a. Sci,Y,Y,Y,N,N,78,1,0,1,0,0,1,1,0,1,0,1,1,0,1,0,0,1,0,0,1,10
TAMU,C,77.2,SO,0,White,STEM,Y,Y,Y,N,N,78,1,1,1,0,1,1,0,1,1,1,0,0,0,0,0,1,1,0,0,0,10
TAMU,D,65.2,FR,0,Hisp,b,Y,N,N,N,N,78,1,1,1,1,1,0,0,0,1,0,0,0,0,1,0,0,1,0,1,1,10
TAMU,C,78.7,SO,0,"White,Asian",b,Y,Y,Y,N,Y,87,1,1,1,0,1,0,0,0,1,0,0,0,0,1,0,1,1,1,0,1,10
TAMU,B,83.2,SO,0,White,b,Y,Y,Y,N,N,87,0,0,0,0,1,1,0,0,1,0,1,0,0,1,1,1,1,0,1,1,10
TAMU,C,69,FR,1,White,c,Y,Y,Y,N,N,78,1,1,1,0,1,0,1,1,0,0,0,0,0,1,1,0,0,0,1,1,10
TAMU,B,87.9,SO,1,"Asian,White",b,Y,Y,Y,N,N,87,1,1,1,1,1,1,0,0,0,1,0,0,1,0,0,0,0,0,1,1,10
TSU,A,88.9,FR,0,"White,Hisp",b,Y,Y,Y,N,Y,78,1,1,1,0,1,1,0,0,1,1,0,1,0,0,0,0,1,1,0,0,10
TSU,C,75.9,FR,0,White,b,Y,Y,Y,N,Y,78,1,1,1,0,1,0,0,0,1,1,0,0,0,1,0,0,1,0,1,1,10
TSU,D,60.3,JR,1,White,c,Y,N,N,N,Y,78,0,0,0,1,1,1,1,0,0,1,1,1,1,0,0,1,1,0,0,0,10
UNT,D,63,FR,1,Black,b,Y,N,Y,N,N,78,0,1,0,1,1,1,0,0,1,1,0,0,0,1,0,0,0,1,1,1,10
UNT,C,76.3,FR,1,Hisp,b,Y,DK,Y,N,Y,78,1,1,1,0,1,1,0,1,1,1,0,1,0,0,0,0,0,0,1,0,10
UNT,W,NA,SO,0,White,a. Eng,Y,Y,Y,N,N,87,1,0,1,1,1,1,0,1,0,0,1,0,0,1,1,0,1,0,0,0,10
UNT,B,80.8,JR,1,Arab,a. Eng,Y,N,N,N,Y,78,1,1,1,1,1,0,0,1,1,1,0,0,0,1,1,0,0,0,0,0,10
UNT,B,86.8,JR,1,"Hisp,Black",b,Y,DK,Y,N,Y,78,1,1,1,1,1,0,0,0,1,1,0,0,0,1,0,1,1,0,0,0,10
UNT,B,87.6,SR,1,Hisp,a. Tech,Y,N,N,N,Y,78,1,0,0,1,1,0,0,0,1,1,1,0,0,1,0,0,1,1,1,0,10
UNT,D,59.1,FR,1,White,b,Y,Y,Y,Y,N,87,0,1,1,1,1,0,0,0,1,1,0,0,0,1,0,0,1,0,1,1,10
UNT,C,77.3,FR,1,Hisp,b,Y,N,N,N,Y,78,1,0,0,0,1,1,0,0,1,1,0,0,0,0,1,1,1,1,1,0,10
UNT,B,85.6,SO,0,White,a. Sci,Y,Y,Y,Y,N,87,0,1,1,1,1,0,0,0,1,1,1,0,0,0,0,0,0,1,1,1,10
UNT,A,89.8,FR,0,White,a. Sci,Y,Y,Y,N,N,78,1,1,1,0,1,1,1,0,1,1,0,0,0,0,0,0,1,0,1,0,10
UNT,C,72.7,FR,0,Black,d,N,Y,Y,N,Y,87,0,1,1,0,0,1,0,1,1,0,1,0,0,0,0,1,1,0,1,1,10
UNT,B,85.3,SR,0,White,b,N,N,Y,N,N,78,1,1,1,1,0,1,1,1,1,1,0,0,0,0,0,0,0,0,1,0,10
UNT,F,47.1,SO,0,Asian Indian,a. Sci,Y,DK,Y,N,N,87,0,1,1,0,1,1,0,0,0,1,0,0,0,0,1,1,1,0,1,1,10
UNT,F,58.6,SO,1,Hisp,a. Eng,Y,N,N,N,Y,87,1,0,1,0,1,0,0,0,1,1,0,1,1,1,1,0,1,0,0,0,10
UNT,B,79.3,JR,1,White,a. Eng,Y,N,Y,N,Y,78,0,1,1,1,1,0,0,0,0,1,0,0,0,1,0,0,1,1,1,1,10
UNT,F,26.9,FR,1,Hisp,a. Eng,Y,N,N,N,N,87,1,1,1,0,0,0,0,0,1,1,0,0,0,1,1,0,1,0,1,1,10
UNT,D,62.5,FR,1,Hisp,b,Y,N,N,N,N,87,1,0,0,1,1,1,0,0,1,1,1,0,0,0,0,0,1,0,1,1,10
UNT,D,62.7,SO,1,White,a. Sci,Y,N,N,N,Y,87,1,1,1,0,1,0,0,0,1,1,0,0,0,0,1,0,1,0,1,1,10
UTXW,C,74.7,FR,1,White,b,N,Y,Y,N,N,78,1,1,1,1,0,1,0,0,1,0,0,0,0,1,0,0,1,0,1,1,10
UTXW,B,84.5,FR,1,Hisp,b,Y,N,N,N,N,87,1,0,1,0,0,0,0,0,1,1,0,0,0,1,1,0,1,1,1,1,10
UTXW,A,91.8,FR,0,White,a. Sci,Y,Y,Y,N,N,87,1,1,1,0,1,1,0,0,1,1,0,0,0,0,0,1,1,1,0,0,10
UTXW,C,72.9,FR,1,Hisp, ,Y,N,N,N,Y,78,1,0,0,1,1,1,0,0,1,1,0,0,0,0,0,1,1,0,1,1,10
UTXW,A,95.4,FR,0,Asian,b,Y,N,N,N,N,87,0,0,1,1,1,1,0,0,1,0,1,0,0,0,0,1,1,0,1,1,10
UTXW,B,85.1,FR,0,Black,b,Y,N, ,N,N,78,1,0,1,0,1,1,1,0,0,0,1,1,0,1,0,0,1,0,1,0,10
UTXW,A,89.5,FR,1,Hisp,a. Eng,Y,N,N,N,N,78,1,0,0,0,1,1,0,0,0,1,0,0,0,1,0,1,1,1,1,1,10
UTXW,B,80.9,FR,0,White,a. Sci,Y,Y,Y,N,N,87,1,1,1,1,0,0,1,0,1,1,0,0,0,1,0,0,1,0,1,0,10
UTXW,D,60,FR,0,Asian,a. Eng,Y,N,N,N,N,78,1,1,1,0,1,1,0,0,0,1,0,0,0,1,0,0,1,0,1,1,10
UTXW,C,74.5,FR,0,Hisp,b,Y,N,N,N,N,78,1,1,1,1,0,1,0,1,0,0,0,0,0,0,1,0,0,1,1,1,10
UTXW,B,84.4,FR,1,Hisp,a. Eng,Y,Y,Y,N,N,78,1,1,1,1,1,0,1,0,1,1,1,0,0,0,0,0,0,0,1,0,10
UTXW,A,102.8,FR,1,White,b,Y,Y,Y,N,N,87,0,0,1,0,1,1,0,0,1,1,1,1,1,0,0,0,1,0,1,0,10
UTXW,C,68.4,FR,0,Hisp,b,Y,Y,Y,Y,,87,1,0,0,1,0,0,0,0,1,1,1,0,0,1,0,0,1,1,1,1,10
UTXW,A,101.2,FR,0,White,b,Y,Y,N,N,N,78,0,0,0,1,1,0,1,0,0,1,1,0,0,1,1,1,1,0,1,0,10
ACUP,B,81.2,SO,0,White,b,Y,Y,Y,N,N,78,1,1,1,1,1,1,0,0,1,1,0,1,0,0,0,0,1,1,0,0,11
ACUP,D,66.9,FR,1,White,a. Sci,Y,N,N,N,N,87,0,1,1,0,0,0,0,0,1,1,0,1,1,0,0,1,1,1,1,1,11
ACUP,B,89.4,SR,1,Hisp,a. Sci,N,Y,Y,N,Y,78,0,1,1,0,1,1,1,1,0,1,1,0,0,0,0,0,1,1,1,0,11
ACUP,B,83.4,FR,0,Black,b,Y,Y,Y,N,N,87,1,1,0,1,0,1,0,0,1,1,0,0,0,1,0,0,1,1,1,1,11
ACUP,C,76,SO,1,White,a. Eng,Y,Y,Y,Y,Y,87,0,1,1,0,1,1,0,0,1,1,1,0,0,0,0,1,1,1,1,0,11
ACUP,A,91.6,FR,0,White,b,Y,Y,Y,N,N,87,0,0,1,1,1,1,0,0,1,1,1,0,0,1,0,0,1,1,0,1,11
ACUP,A,93.8,FR,0,White,b,Y,DK,Y,N,N,78,0,1,0,0,1,1,1,1,1,1,0,1,1,0,1,0,1,0,0,0,11
ACUP,C,76.8,SO,1,White,a. Eng,N,Y,Y,N,N,78,0,1,1,0,0,1,0,1,1,1,1,1,0,0,0,1,1,0,1,0,11
ACUP,A,94.5,FR,0,White,b,Y,Y,Y,N,N,78,1,1,1,0,1,1,0,1,0,1,0,0,0,0,0,0,1,1,1,1,11
ACUP,B,88.6,FR,0,White,b,Y,Y,Y,N,N,87,1,1,1,1,1,1,0,0,1,1,1,0,0,0,0,1,1,0,0,0,11
TAMU,D,66.7,FR,0,Hisp,STEM & b,Y,N,N,N,N,87,1,1,1,0,1,1,0,0,0,0,1,1,1,1,1,0,0,0,0,1,11
TAMU,B,79.2,SO,0,White,a. Sci,Y,DK,N,N,N,78,0,1,1,1,1,1,1,1,0,0,0,0,0,1,1,0,1,1,0,0,11
TAMU,D,66.6,FR,0,White,b,Y,Y,Y,N,N,78,0,1,1,0,1,1,0,1,1,0,0,0,0,0,1,1,1,0,1,1,11
TAMU,B,79.3,FR,1,White,c,Y,Y,Y,N,N,78,1,1,1,0,1,0,1,1,1,1,1,0,1,0,0,0,0,0,1,0,11
TAMU,A,96.7,FR,0,White,b,Y,Y,Y,N,N,87,1,1,1,0,1,0,0,0,0,1,0,0,0,1,0,1,1,1,1,1,11
TAMU,A,99.2,FR,0,White,b,Y,DK,Y,N,N,78,0,1,1,0,1,0,0,1,0,1,1,0,0,1,1,1,1,0,1,0,11
TAMU,B,84.4,FR,0,White,b,Y,Y,Y,Y,N,87,1,0,0,1,0,1,0,0,1,1,0,0,0,0,1,1,1,1,1,1,11
TAMU,B,83.1,FR,0,White,a. Sci,Y,Y,Y,N,N,87,1,1,0,0,1,1,0,0,1,1,1,0,0,1,0,0,1,0,1,1,11
TAMU,C,73.3,FR,0,White,a. Sci,Y,Y,Y,N,N,78,1,1,1,1,1,1,0,0,1,1,1,0,0,0,0,0,1,1,0,0,11
TAMU,B,87.6,SO,1,White,c,Y,N,Y,Y,Y,87,0,1,1,0,0,1,0,1,0,1,0,1,0,0,1,0,1,1,1,1,11
TAMU,B,80.3,FR,1,White,a. Sci,Y,Y,Y,N,N,87,1,1,1,0,1,1,1,1,0,0,1,0,0,1,0,0,0,0,1,1,11
TAMU,A,90.2,SO,0,"White, NA",b,Y,N,Y,N,N,78,0,1,1,0,1,0,1,0,1,1,1,0,0,1,0,1,1,0,1,0,11
TAMU,C,78.2,FR,0,Hisp,b,N,N,Y,N,N,87,1,0,0,1,1,0,0,0,1,1,0,1,0,1,0,1,1,0,1,1,11
TAMU,A,91.9,SO,0,"White,Hisp",b,Y,N,Y,N,N,87,0,1,1,0,1,1,0,1,0,1,0,0,1,1,0,0,1,0,1,1,11
TAMU,C,70.8,FR,0,White,c,Y,Y,Y,N,N,87,1,1,1,1,1,0,0,1,1,0,1,0,0,0,0,0,1,0,1,1,11
TAMU,B,87.6,FR,0,White,a. Sci,Y,DK,Y,N,Y,78,1,1,0,0,1,1,1,1,0,0,1,0,0,0,0,1,1,0,1,1,11
TAMU,C,73.9,FR,0,White,,Y,Y,Y,N,N,78,1,1,1,0,1,1,0,0,0,1,1,0,0,1,1,1,1,0,0,0,11
TAMU,B,79.2,FR,0,White,b,Y,Y,Y,N,N,87,0,1,1,0,0,1,0,1,0,1,1,1,1,1,0,0,1,0,0,1,11
TAMU,B,86.8,FR,1,White,b,Y,Y,Y,N,N,87,0,1,1,0,0,1,0,1,1,1,0,0,0,0,0,1,1,1,1,1,11
TAMU,A,92.2,FR,1,White,b,Y,DK,Y,N,N,87,0,0,1,1,1,1,0,1,0,0,1,0,0,1,0,1,1,0,1,1,11
TAMU,C,69.4,FR,0,White,b,Y,N,Y,N,N,87,0,1,1,1,1,1,1,1,1,1,0,0,0,0,0,0,0,0,1,1,11
TAMU,B,84.9,SO,0,White,b,Y,Y,Y,Y,N,87,0,0,1,1,1,1,0,0,1,1,1,0,0,1,0,0,1,0,1,1,11
TAMU,F,52.1,FR,0,White,a. Sci,Y,DK,Y,N,N,87,1,0,0,0,1,1,1,0,1,1,1,0,0,1,0,0,1,0,1,1,11
TAMU,B,82.7,FR,0,Black,b,Y,Y,Y,N,N,87,0,1,1,0,1,1,0,0,1,1,1,0,0,1,0,0,1,1,1,0,11
TAMU,B,84.1,FR,,White,b,Y,Y,Y,N,N,78,1,1,1,1,0,1,0,1,1,1,1,0,0,0,1,0,0,0,0,1,11
TAMU,B,87.5,FR,1,White,a. Sci,Y,Y,Y,N,N,87,0,1,1,0,1,0,1,0,1,1,0,0,0,0,1,1,1,0,1,1,11
TAMU,C,73.3,SO,0,White,b,Y,N,Y,N,N,87,1,0,1,0,1,0,0,0,0,0,1,1,1,1,1,1,0,0,1,1,11
TAMU,D,64.3,SO,0,Hisp,a. Sci,Y,N,N,N,N,78,1,1,1,1,1,0,0,0,1,1,0,0,0,1,0,0,0,1,1,1,11
TAMU,B,85,FR,1,Hisp,b,Y,Y,Y,N,N,87,1,1,1,0,1,0,0,0,1,1,0,0,0,1,1,0,1,1,1,0,11
TAMU,W,NA,FR,,White,STEM,Y,Y,Y,N,N,87,0,1,1,1,1,1,0,0,0,1,0,1,1,0,1,1,0,1,0,0,11
TAMU,B,84.8,FR,0,White,a. Sci,Y,Y,Y,N,N,78,0,1,0,1,0,1,0,1,1,1,1,0,0,1,0,0,1,1,1,0,11
TAMU,B,79.2,FR,0,Asian,a. Sci,Y,N,Y,N,N,87,1,1,1,0,0,0,0,1,0,0,1,1,1,1,0,0,1,0,1,1,11
TAMU,A,94.9,FR,1,Hisp,a. Eng,Y,DK,Y,N,N,87,1,1,1,0,1,1,0,0,0,1,1,0,0,1,0,1,1,0,1,0,11
TAMU,C,71.7,FR,0,White,b,Y,Y,N,N,N,87,1,1,1,1,1,1,0,1,0,0,0,0,0,1,1,0,1,0,0,1,11
TAMU,C,76.6,FR,0,White,"a. Sci, Tech",Y,Y,Y,N,N,87,1,1,1,0,1,1,0,0,1,1,0,0,0,1,0,0,0,1,1,1,11
TAMU,C,69.8,FR,0,White,a. Sci,Y,Y,Y,N,N,87,1,0,1,0,0,1,0,0,1,1,1,0,0,1,1,0,1,0,1,1,11
TAMU,B,88.3,FR,1,Hisp,b,Y,N,Y,N,N,78,1,1,1,0,1,1,1,1,1,1,0,0,0,0,0,0,0,0,1,1,11
TAMU,C,76.8,FR,1,PI,b,Y,N,N,N,N,78,0,1,1,0,1,0,0,0,1,1,0,0,0,1,1,0,1,1,1,1,11
TAMU,B,87.7,SO,1,Arab,b,Y,Y,Y,N,Y,87,1,1,1,1,0,1,0,1,0,0,0,1,1,0,0,1,1,0,1,0,11
UNT,A,92.4,FR,1,Hisp,a. Eng,Y,N,N,Y,N,87,0,0,0,1,1,1,0,0,0,1,1,0,0,1,1,1,1,0,1,1,11
UNT,C,78.9,SO,1,Asian,b,Y,N,N,N,Y,87,1,1,1,1,1,1,0,0,1,1,0,0,0,0,0,0,1,0,1,1,11
UNT,F,14.6,FR,0,White,a. Sci,Y,N,N,N,Y,87,1,0,0,1,1,1,0,1,1,1,1,0,0,0,0,0,1,0,1,1,11
UNT,C,75.6,FR,1,White,a. Eng,Y,N,Y,N,N,78,1,1,1,1,1,1,0,0,1,0,0,0,0,0,0,1,1,0,1,1,11
UNT,F,57.3,SO,1,White,a. Eng,Y,N,N,N,Y,87,1,0,0,1,1,1,1,1,1,1,0,1,0,1,0,0,1,0,0,0,11
UNT,A,92.8,FR,1,White,a.Sci,Y,N,Y,N,N,78,1,0,0,1,1,1,1,1,1,1,0,0,0,0,1,1,0,0,1,0,11
UNT,D,62.5,FR,1,Hisp,a. Eng,Y,N,N,N,N,87,1,1,1,1,1,1,0,0,0,0,1,0,0,0,0,1,1,0,1,1,11
UNT,F,NA,SO,1,White,c,Y,N,N,N,N,87,1,1,1,0,1,1,0,1,0,0,1,0,0,1,0,0,1,0,1,1,11
UNT,W,NA,FR,1,White,a. Sci,Y,Y,Y,N,Y,78,1,1,1,1,1,1,0,0,1,1,0,0,0,1,1,0,1,0,0,0,11
UNT,A,91.2,SO,1,White,a. Sc/Math,Y,DK,Y,Y,N,87,1,1,1,1,0,1,1,0,1,1,1,0,0,1,1,0,0,0,0,0,11
UNT,C,70.5,FR,1,Hisp,a. Sci,Y,N,N,N,N,78,1,1,1,0,1,0,0,1,1,1,0,0,0,1,1,1,1,0,0,0,11
UTXW,A,97.8,FR,1,Hisp,b,Y,N,Y,N,N,87,1,1,1,0,1,0,1,1,1,0,1,0,0,0,1,0,0,0,1,1,11
UTXW,B,78.8,FR,0,"White,Hisp",a. Sci,N,Y,Y,N,N,87,1,1,1,0,1,1,0,1,1,1,1,0,0,1,0,0,0,0,1,0,11
UTXW,B,83.5,FR,0,Hisp,b,Y,N,Y,N,Y,78,1,1,1,0,1,0,1,1,1,1,0,0,0,1,0,0,0,0,1,1,11
UTXW,A,96.1,FR,0,White,b,Y,DK,Y,Y,N,87,1,0,0,0,1,0,1,1,1,1,1,0,0,1,1,0,0,0,1,1,11
UTXW,C,75.4,FR,1,Hisp,b,Y,N,N,N,Y,87,1,1,0,0,1,0,1,0,1,1,0,1,1,0,0,0,0,1,1,1,11
UTXW,B,77.7,FR,0,Hisp,b,Y,N,N,N,N,87,1,1,1,1,1,1,0,0,1,1,0,0,0,0,0,0,1,0,1,1,11
UTXW,B,85.8,FR,0,Hisp,b,Y,DK,Y,N,Y,87,1,1,1,0,0,0,1,0,1,1,1,1,1,0,0,0,0,0,1,1,11
UTXW,A,97.6,FR,0,Asian,b,Y,N,N,N,N,87,1,0,0,0,1,0,1,1,1,1,1,0,0,0,0,1,1,1,1,0,11
UTXW,C,74.5,FR,0,Hisp,b,Y,Y,Y,N,N,78,1,1,1,1,0,0,0,0,1,1,0,0,1,0,1,0,1,0,1,1,11
UTXW,C,75.2,FR,0,Hisp,c,Y,N,Y,N,N,78,0,0,1,1,1,1,0,1,1,1,0,0,0,1,0,0,1,0,1,1,11
UTXW,A,87.1,SO,0,Hisp,b,Y,N,N,N,N,87,1,1,1,0,0,1,0,0,1,1,0,0,0,1,0,0,1,1,1,1,11
UTXW,A,98.7,FR,1,Hisp,b,Y,N,N,N,N,87,0,0,0,1,1,1,0,0,1,0,1,0,0,1,0,1,1,1,1,1,11
UTXW,A,96.1,FR,1,Hisp,b,Y,N,N,N,N,78,0,1,0,0,1,1,0,0,1,1,1,0,0,0,0,1,1,1,1,1,11
UTXW,B,78.1,FR,1,Asian,c,Y,N,N,N,N,78,1,1,1,0,1,1,0,0,1,1,0,0,0,0,0,0,1,1,1,1,11
UTXW,B,76.3,FR,1,Hisp,c,Y,N,N,N,N,87,1,0,0,0,1,1,0,0,1,1,0,0,0,1,1,0,1,1,1,1,11
UTXW,B,85.7,FR,0,Arab,c,Y,Y,Y,N,N,87,1,0,0,0,0,0,0,0,1,1,1,1,0,1,0,1,1,1,1,1,11
UTXW,C,72.8,FR,0,Hisp,b,Y,N,N,N,Y,78,1,1,1,0,0,1,1,0,1,1,0,0,0,1,0,0,1,0,1,1,11
UTXW,C,69.1,FR,1,Hisp,a,Y,N,N,Y,N,78,1,1,1,0,1,0,0,1,1,0,0,0,0,1,0,1,1,0,1,1,11
UTXW,A,95.7,FR,1,Black,a,Y,N,Y,N,N,87,1,0,0,0,1,1,0,0,1,1,1,0,0,0,1,0,1,1,1,1,11
ACUP,A,92.6,JR,1,White,d,N,Y,Y,N,N,78,0,1,1,1,1,1,0,0,1,1,0,1,0,0,0,1,1,0,1,1,12
ACUP,A,95.5,SO,1,White,b,Y,N ,Y,N,N,87,1,1,1,0,1,1,0,1,1,1,0,0,0,1,1,0,0,0,1,1,12
ACUP,C,70.1,SR,1,White,a. Eng,Y,Y,Y,N,N,78,0,1,1,1,1,1,0,0,1,1,1,0,0,1,1,1,1,0,0,0,12
TAMU,B,86.7,FR,1,White,STEM,Y,N,Y,N,N,87,1,1,1,0,1,1,0,0,1,1,1,0,0,1,1,0,1,0,1,0,12
TAMU,B,82.1,FR,0,"Black,White",b,Y,Y,Y,N,N,78,0,0,1,1,1,0,0,0,0,1,1,1,1,1,1,0,1,1,1,0,12
TAMU,B,87.9,FR,0,White,a. Sci,Y,Y,Y,N,N,87,1,0,1,0,0,1,1,1,0,0,1,1,1,1,0,0,1,0,1,1,12
TAMU,F,50.4,FR,0,Mixed,c,Y,Y,Y,N,N,78,1,0,1,0,1,0,1,1,1,1,1,0,0,0,0,1,1,1,1,0,12
TAMU,C,67.6,FR,1,White,a. Eng,Y,,Y,N,N,78,1,1,1,0,0,1,1,1,0,1,1,0,0,1,0,0,1,0,1,1,12
TAMU,C,77.2,JR,0,Hisp,a. Sci,Y,N,N,N,Y,78,1,1,1,1,0,1,0,0,0,1,0,1,1,1,0,0,0,1,1,1,12
TAMU,C,72.9,SO,1,Hisp,b,Y,N,N,N,Y,87,0,1,1,0,1,0,0,1,1,1,1,0,0,1,1,0,1,0,1,1,12
TAMU,D,59.8,FR,0,Hisp,b,Y,N,N,N,N,87,1,1,1,1,0,1,0,0,1,1,0,0,0,1,1,1,1,0,0,1,12
TAMU,C,75.3,SO,0,White,b,Y,Y,Y,N,N,78,1,0,1,0,1,1,0,0,1,0,0,1,0,1,0,1,1,1,1,1,12
TAMU,A,89.9,JR,0,White,c,Y,Y,Y,N,Y,78,0,1,1,0,1,1,0,0,1,1,1,0,0,1,1,1,0,0,1,1,12
TAMU,C,78.5,FR,0,White,a. Sci,Y,Y,Y,N,N,78,1,1,0,0,1,0,0,1,1,1,0,0,1,1,1,0,1,0,1,1,12
TAMU,C,69.9,SO,1,Hisp,b,Y,N,N,N,N,78,1,0,1,1,1,1,1,0,1,1,1,0,0,1,1,0,0,0,1,0,12
TAMU,A,95.1,FR,0,White,a. Sci,Y,Y,Y,N,N,78,0,1,1,1,1,0,0,1,1,1,1,1,1,1,0,0,0,0,1,0,12
TAMU,A,94.8,FR,0,White,a. Eng,Y,,,N,Y,87,1,1,1,0,0,0,1,0,1,1,0,0,0,0,1,1,1,1,1,1,12
TAMU,D,64,FR,1,"Asian,White",a. Math,Y,Y,Y,N,N,87,1,1,1,1,1,0,0,0,1,1,1,1,1,0,0,0,1,1,0,0,12
TAMU,B,84.4,FR,1,White,b,Y,Y,Y,N,N,78,1,1,1,0,1,1,1,0,0,1,0,0,0,1,1,0,1,0,1,1,12
TAMU,B,86.4,FR,0,White,a. Sci,Y,N,Y,N,N,78,0,1,1,0,1,0,1,1,0,1,0,1,1,0,0,0,1,1,1,1,12
TAMU,B,85.2,FR,1,White,a. Sci,Y,Y,Y,N,N,87,1,1,1,1,1,1,0,0,1,1,0,0,0,1,0,0,1,0,1,1,12
TAMU,B,82.3,FR,1,Hisp,b,Y,N,N,N,N,87,0,0,1,1,0,1,0,0,1,1,0,1,1,1,0,0,1,1,1,1,12
TAMU,B,84.5,FR,1,White,b,Y,N,Y,N,N,87,0,1,1,1,1,1,0,0,1,1,1,0,0,0,0,0,1,1,1,1,12
TAMU,B,84.7,FR,0,White,b,Y,Y,Y,N,N,87,0,0,1,1,1,1,0,0,1,1,1,0,0,0,0,1,1,1,1,1,12
TAMU,B,86.1,FR,0,White,b,Y,Y,Y,N,N,78,1,1,1,0,1,0,0,0,1,1,1,0,0,1,1,0,1,0,1,1,12
TAMU,B,79.1,FR,0,White,b,Y,DK,Y,N,N,87,0,1,0,0,1,1,1,1,1,1,1,0,0,1,1,0,0,0,1,1,12
TAMU,B,86.7,FR,1,White,b,Y,N,Y,N,N,78,0,1,1,1,1,1,0,0,0,1,1,1,1,0,1,0,0,0,1,1,12
TAMU,C,73.3,FR,0,White,a. Sci,Y,Y,N,N,N,87,1,0,1,0,1,1,0,1,1,1,1,0,0,1,1,0,0,0,1,1,12
TAMU,A,95,FR,1,White,b,Y,Y,Y,N,N,78,1,1,1,0,1,0,0,1,1,1,0,0,0,1,1,0,1,0,1,1,12
TAMU,B,85.6,FR,0,White,b,Y,DK,Y,N,N,78,0,1,1,1,1,0,1,1,1,1,0,0,0,1,0,0,1,0,1,1,12
TAMU,F,47.4,FR,0,White,b,Y,Y,Y,N,Y,87,1,1,1,0,1,1,1,0,1,1,0,1,0,1,1,0,1,0,0,0,12
TAMU,A,91.6,SO,0,White,a. Eng,Y,Y,Y,N,N,78,1,1,1,0,1,1,1,1,0,0,1,0,0,0,1,0,1,0,1,1,12
TAMU,C,77.4,FR,0,Hisp,b,Y,N,N,N,N,87,1,1,1,0,1,1,0,1,1,1,1,0,0,0,0,0,1,1,1,0,12
TAMU,C,69.2,FR,0,White,b,Y,Y,Y,N,N,87,1,0,1,1,1,1,0,1,1,1,0,0,0,1,0,0,1,0,1,1,12
TAMU,A,92.2,FR,0,"Hisp, NA",c,Y,DK,N,N,N,87,0,0,1,0,0,1,0,1,1,1,1,0,0,1,1,0,1,1,1,1,12
TAMU,A,90.6,FR,1,White,b,Y,N,Y,N,N,87,1,1,1,0,1,0,0,1,1,1,0,0,0,0,1,1,1,0,1,1,12
TAMU,A,91.6,FR,1,White,a. Sci,N,Y,Y,N,N,78,0,1,0,0,1,0,0,0,1,1,1,0,0,1,1,1,1,1,1,1,12
TAMU,B,88.1,FR,0,White,d,Y,N,N,N,N,78,0,0,1,0,1,1,1,0,1,1,1,0,0,1,0,0,1,1,1,1,12
TAMU,B,81.8,FR,0,White,b,Y,Y,Y,N,N,87,1,1,1,1,1,0,1,1,1,1,0,0,0,1,0,0,0,0,1,1,12
TSU,C,73.6,FR,0,White,a. Eng,Y,Y,Y,N,N,87,1,1,1,1,0,1,0,0,1,1,1,0,0,1,1,0,0,1,0,1,12
UNT,A,89.8,FR,1,Asian,a. Tech,N,N,Y,N,N,78,1,1,1,0,0,1,0,1,1,1,0,0,0,1,1,0,1,0,1,1,12
UNT,F,NA,FR,1,White,a. Sci,Y,N,N,N,Y,87,1,1,1,1,1,0,0,0,1,1,0,1,1,0,0,0,0,1,1,1,12
UNT,F,37.6,SO,1,White,a. Tech,Y,Y,N,N,N,78,1,1,1,0,1,1,1,0,1,1,1,0,0,0,0,1,1,0,1,0,12
UNT,A,94.4,FR,1,Hisp,a. Eng,Y,N,N,N,N,78,1,0,1,1,1,1,0,1,0,1,0,1,0,1,1,0,0,0,1,1,12
UNT,C,70.8,SO,1,White,a. Tech,Y,DK,Y,N,Y,87,1,1,1,0,0,0,1,0,0,1,1,1,0,0,0,1,1,1,1,1,12
UNT,B,81.7,FR,1,Black,a. Eng,Y,N,N,N,N,78,0,1,0,1,1,0,0,1,1,1,1,0,0,1,1,0,1,0,1,1,12
UNT,B,82.2,SO,1,White,a. Eng,Y,N,Y,N,Y,87,0,1,1,1,1,1,0,0,1,1,0,1,0,1,1,1,1,0,0,0,12
UNT,B,80.8,FR,0,"Hisp,Asian",a. Sci,Y,N,Y,N,Y,78,0,1,1,0,1,1,1,1,0,0,1,1,0,1,1,1,0,1,0,0,12
UNT,C,77.6,SO,0,"White,Nat Am",a. Sci,Y,N,Y,N,N,78,1,1,1,1,1,0,0,0,1,0,1,0,0,1,0,1,1,0,1,1,12
UNT,C,74.2,FR,1,Hisp,a. Sci,Y,N,N,N,N,78,1,1,1,1,1,0,1,1,1,0,0,0,0,1,0,1,1,0,0,1,12
UNT,A,95.1,FR,0,White,a. Sci,Y,N,N,N,N,78,1,1,0,1,1,0,0,0,1,1,1,0,0,0,0,1,1,1,1,1,12
UNT,A,95.3,FR,1,Asian,a. Sci,Y,DK,N,N,N,87,1,1,1,1,1,1,1,1,0,0,0,0,0,1,1,1,0,0,1,0,12
UTXW,A,87.5,FR,0,Black,b,Y,N,N,N,N,78,1,1,1,1,1,1,0,0,1,0,1,0,0,0,1,1,1,0,0,1,12
UTXW,A,96.9,FR,0,Hisp,b,Y,N,N,N,N,87,1,1,1,0,0,1,0,0,1,1,1,1,1,1,0,0,0,1,1,0,12
UTXW,C,73.9,FR,0,Hisp,c,Y,N,Y,N,N,87,0,0,0,1,1,1,0,1,1,1,1,0,1,0,0,1,1,0,1,1,12
UTXW,B,84.7,FR,0,Arab,b,Y,DK,Y,N,N,78,1,1,1,1,1,1,0,0,0,1,0,1,1,1,0,0,1,1,0,0,12
UTXW,B,80.8,FR,0,Hisp,b,Y,N,N,N,N,87,1,1,0,1,1,0,0,1,1,1,0,0,0,0,1,0,1,1,1,1,12
UTXW,B,81.6,FR,0,Hisp,b,Y,N,N,N,N,78,1,1,0,0,1,1,0,1,0,0,1,0,0,1,1,1,1,0,1,1,12
UTXW,A,93.4,FR,0,Hisp,b,Y,DK,Y,N,N,87,1,1,1,0,1,0,0,1,1,1,1,0,0,1,0,0,1,0,1,1,12
UTXW,A,94.1,FR,0,Hisp,b,Y,N,Y,N,N,87,1,1,1,1,1,0,0,1,1,1,1,0,0,0,0,1,1,0,1,0,12
UTXW,A,90.4,FR,0,Hisp,b,Y,N,N,N,N,78,1,0,0,1,1,1,0,0,1,1,1,0,0,1,1,1,1,0,1,0,12
UTXW,B,84.9,FR,1,Hisp,"a. Tech,Eng",Y,N,N,N,N,87,0,1,0,0,1,1,1,1,0,0,1,0,0,1,1,1,0,1,1,1,12
UTXW,A,92.7,FR,1,Hisp,c,Y,N,N,N,N,87,1,1,1,0,1,1,0,0,0,1,0,0,0,1,1,1,0,1,1,1,12
UTXW,A,94.4,FR,1,Asian In,c,Y,N,N,N,Y,78,0,0,0,0,1,1,0,1,1,1,0,1,1,0,0,1,1,1,1,1,12
UTXW,D,63.2,SO,1,Hisp,c,Y,N,N,N,N,87,1,1,1,1,1,1,0,1,0,0,1,0,0,0,0,0,1,1,1,1,12
UTXW,A,101.4,FR,1,White,b,Y,Y,Y,N,N,87,0,0,1,1,1,1,0,0,1,1,0,0,1,0,1,1,0,1,1,1,12
UTXW,C,72,FR,1,Hisp,a. Eng,Y,N,N,N,N,87,1,1,1,0,1,1,0,0,1,1,1,0,0,0,0,1,1,0,1,1,12
UTXW,B,82.4,FR,1,Hisp,a. Eng,Y,N,N,N,Y,87,0,1,1,0,1,1,0,0,1,1,1,0,0,0,0,1,1,1,1,1,12
UTXW,A,96.8,FR,0,Asian,b,Y,N,Y,N,N,78,1,1,1,1,1,0,0,1,1,0,1,0,0,1,0,0,0,1,1,1,12
UTXW,A,91.3,FR,0,White,a. Sci,Y,N,N,N,N,78,1,1,0,1,1,0,1,0,0,0,0,1,0,0,1,1,1,1,1,1,12
UTXW,C,74,FR,1,White,b,N,Y,Y,N,N,78,0,1,1,0,1,0,0,0,1,1,0,1,1,0,0,1,1,1,1,1,12
UTXW,B,83.5,FR,1,Hisp,b,Y,DK,N,N,N,87,1,1,1,1,1,1,0,0,1,1,1,0,0,0,0,0,0,1,1,1,12
UTXW,B,76,FR,0,Hisp,b,Y,N,N,N,N,87,1,1,1,0,1,1,0,1,1,0,1,0,0,0,0,0,1,1,1,1,12
UTXW,C,70.9,FR,0,Black,b,Y,N,N,N,Y,87,1,0,1,0,1,0,0,1,1,1,0,0,1,1,0,0,1,1,1,1,12
ACUP,B,85.7,FR,0,White,b,Y,N,Y,N,N,87,1,1,1,1,1,1,0,0,1,1,1,0,0,0,1,0,1,0,1,1,13
ACUP,A,92.7,FR,0,White,b,Y,Y,Y,N,N,87,1,1,1,1,1,0,1,0,1,1,0,1,0,0,0,1,1,0,1,1,13
ACUP,A,91.5,FR,0,White,b,Y,Y,Y,N,N,78,1,1,1,1,0,1,0,1,1,1,1,0,0,1,0,1,1,0,1,0,13
ACUP,D,63.6,FR,1,Hisp,b,Y,N,N,N,N,78,1,0,0,1,1,1,0,1,1,1,1,0,0,0,0,1,1,1,1,1,13
ACUP,C,77.5,FR,0,White,b,Y,Y,Y,N,N,87,1,1,1,1,1,1,0,1,0,1,1,0,0,1,1,0,1,1,0,0,13
ACUP,C,72.4,SO,1,White,,Y,N,N,N,N,78,0,1,1,1,1,1,1,1,0,0,0,1,1,0,0,0,1,1,1,1,13
ACUP,B,83.4,FR,1,White,a. Eng,Y,DK,Y,N,N,78,1,1,1,0,1,1,0,0,0,1,1,1,0,1,1,1,1,0,0,1,13
ACUP,A,93.1,FR,1,White,b,Y,Y,Y,N,N,78,0,1,1,0,1,0,0,0,1,1,1,1,1,1,0,1,1,1,1,0,13
TAMSA,C,72,PB,1,Mixed,b,Y,N,Y,Y,N,78,0,1,1,1,1,1,0,1,1,1,0,1,1,0,0,0,1,0,1,1,13
TAMU,B,79.1,FR,1,White,a. Eng,Y,N,N,N,N,87,1,0,1,1,1,1,0,0,1,1,0,0,0,1,1,0,1,1,1,1,13
TAMU,B,81,FR,0,Asian,b,Y,N,Y,N,N,87,1,1,1,0,1,1,0,0,1,1,1,0,0,1,0,1,1,0,1,1,13
TAMU,B,83.1,FR,1,Hisp,b,Y,Y,Y,N,N,78,0,1,1,1,1,0,0,0,1,1,1,0,0,1,1,1,1,0,1,1,13
TAMU,C,77.1,FR,0,White,b,Y,Y,Y,N,N,78,0,0,1,1,1,1,0,1,0,1,1,0,0,1,0,1,1,1,1,1,13
TAMU,A,93,FR,0,"Hisp,White",b,Y,N,Y,N,N,78,1,1,1,0,1,0,1,1,1,1,1,0,0,0,1,0,1,0,1,1,13
TAMU,C,72,JR,0,Asian,a. Sci,Y,N,N,N,N,78,1,0,0,1,1,1,0,0,1,1,1,0,0,1,1,0,1,1,1,1,13
TAMU,C,77.8,FR,0,"White,Arab",b,Y,Y,Y,N,N,87,1,1,1,1,1,0,0,1,1,1,1,0,0,1,0,1,1,0,0,1,13
TAMU,A,94.2,SO,1,White,b,Y,N,Y,N,N,78,1,0,1,1,1,1,0,0,1,1,1,0,0,1,1,0,1,0,1,1,13
TAMU,A,95.5,FR,1,White,b,Y,Y,Y,N,N,87,1,1,1,1,1,1,1,0,0,1,1,0,0,1,0,0,1,0,1,1,13
TAMU,C,72.3,FR,1,White,c,Y,Y,Y,N,N,87,0,1,1,1,0,1,0,0,1,1,1,0,0,1,1,1,1,0,1,1,13
TAMU,B,88.1,SO,0,White,a. Sci,Y,Y,Y,N,N,78,1,1,1,1,1,1,1,0,1,1,1,0,0,0,0,0,1,0,1,1,13
TAMU,A,90.4,FR,1,White,a. Sci,Y,Y,Y,N,Y,78,1,0,1,0,0,0,1,1,1,1,1,0,0,1,1,0,1,1,1,1,13
TAMU,A,95.7,FR,,White,b,Y,N,N,N,N,78,1,1,1,1,1,1,1,0,0,0,1,0,0,1,1,0,1,1,1,0,13
TAMU,C,78.6,FR,0,White,b,Y,N,Y,N,Y,87,1,1,1,1,1,0,1,0,0,1,1,0,0,1,1,1,1,1,0,0,13
TAMU,B,86.4,FR,0,Asian,b,Y,N,Y,N,N,78,1,1,1,0,0,1,1,0,1,1,0,0,0,1,0,1,1,1,1,1,13
TAMU,B,87.5,FR,1,Hisp,a. Eng,Y,DK,Y,N,N,78,1,1,1,0,1,1,0,0,1,1,1,0,0,0,0,1,1,1,1,1,13
TAMU,B,87.1,FR,1,White,a. Eng,Y,N,Y,N,N,87,1,1,1,1,0,1,0,0,1,1,1,0,0,1,0,1,1,0,1,1,13
TAMU,C,78.5,SO,1,Hisp,a. Math,Y,N,N,Y,N,78,0,1,1,1,1,0,1,0,1,1,1,0,0,0,0,1,1,1,1,1,13
TAMU,A,89.5,FR,1,White,b,Y,Y,Y,N,N,87,0,1,1,0,1,0,1,1,1,1,1,0,0,1,0,1,1,1,1,0,13
TAMU,A,93.1,FR,0,White,a. Sci,Y,Y,Y,N,N,87,1,1,1,0,1,1,0,0,1,1,1,0,0,1,1,1,0,0,1,1,13
TAMU,C,68.3,FR,0,Asian,a. Sci,Y,N,N,N,N,78,1,1,1,0,1,0,0,1,0,1,1,0,1,1,1,0,1,0,1,1,13
TAMU,A,93.3,FR,0,White,b,Y,Y,Y,N,N,78,1,1,1,1,0,1,1,1,1,1,1,0,0,0,0,0,1,0,1,1,13
TAMU,B,82.9,FR,0,Hisp,a. Math,Y,N,Y,N,N,78,0,1,1,0,1,1,0,1,1,0,1,1,1,1,1,1,1,0,0,0,13
TAMU,A,92.4,SO,0,Hisp,b,Y,N,Y,N,N,78,1,1,1,0,1,1,1,1,0,1,1,0,0,1,1,1,0,0,1,0,13
TAMU,A,92.1,FR,0,White,b,Y,DK,Y,N,N,87,1,1,0,1,0,1,0,0,1,1,1,1,0,1,1,1,1,1,0,0,13
TAMU,B,88,FR,1,White,a. Math,Y,DK,Y,N,N,78,1,1,1,0,0,1,1,0,1,1,1,1,0,1,0,1,0,0,1,1,13
TAMU,A,96.5,FR,1,White,a. Sci,Y,N,Y,N,N,87,1,0,0,0,1,0,0,1,1,0,1,1,1,1,0,1,1,1,1,1,13
TAMU,A,89.5,FR,0,White,a. Tech,Y,Y,Y,N,N,87,1,1,1,1,1,1,0,0,0,0,1,0,0,1,1,1,1,0,1,1,13
TAMU,B,84.6,FR,0,White,a. Sci,N,Y,Y,N,N,87,0,0,1,1,1,0,0,1,1,1,1,0,0,1,1,1,1,1,0,1,13
TAMU,C,75,JR,0,White,c,Y,Y,Y,Y,N,87,0,1,1,0,1,1,0,0,1,1,1,1,0,0,0,1,1,1,1,1,13
TAMU,A,91.3,FR,0,White,a. Sci,Y,N,Y,Y,N,78,1,1,1,1,1,1,0,1,1,0,0,0,0,1,1,0,1,0,1,1,13
TAMU,B,82,FR,1,"White,Asian",b,Y,N,N,N,N,78,1,1,1,0,1,1,0,1,1,1,0,0,0,1,1,0,0,1,1,1,13
TAMU,B,83.8,FR,0,White,,Y,Y,Y,N,N,78,1,1,1,1,1,0,0,1,1,1,1,0,0,0,0,0,1,1,1,1,13
UNT,A,90.3,FR,1,Black,a. Eng,Y,DK,Y,N,Y,78,1,1,1,0,1,1,1,0,1,1,1,0,0,0,0,1,1,0,1,1,13
UNT,B,88.3,SO,1,Black,b,Y,Y,Y,N,N,78,1,1,1,1,0,1,0,0,1,1,1,0,0,1,0,1,1,0,1,1,13
UNT,B,85.8,SO,1,Hisp,a. Eng,Y,N,N,N,N,78,0,1,1,0,1,1,1,1,1,1,1,1,1,1,0,0,0,1,0,0,13
UNT,F,NA,FR,1,Black,a. Eng,N,N,Y,N,N,87,0,1,1,0,1,0,0,0,1,0,0,1,1,1,1,1,1,1,1,1,13
UNT,A,89.6,FR,1,Hisp,a. Eng,Y,Y,Y,N,N,87,0,1,1,0,1,1,0,0,0,1,1,1,1,1,1,1,1,1,0,0,13
UNT,B,87.6,SO,0,White,d,Y,DK,Y,Y,N,87,1,1,1,0,1,1,0,0,1,1,1,0,0,0,0,1,1,1,1,1,13
UNT,A,95.6,FR,0,White,a. Sci,Y,Y,Y,N,N,87,0,1,1,0,1,1,0,1,1,1,1,0,0,0,0,1,1,1,1,1,13
UNT,C,69,FR,1,Hisp,a. Eng,Y,N,N,N,N,87,1,1,1,1,1,0,1,0,1,1,0,0,0,0,1,1,1,0,1,1,13
UNT,B,83.1,SO,1,White,a. Eng,Y,Y,N,N,N,87,1,1,1,0,0,1,1,1,1,1,0,0,0,0,0,1,1,1,1,1,13
UNT,A,96.8,SO,0,Asian,a. Sci,Y,N,Y,N,Y,78,1,0,1,0,1,1,0,0,1,1,1,1,1,0,1,1,1,0,0,1,13
UTXW,B,85,FR,1,Asian,b,Y,N,N,N,N,78,1,1,1,0,1,0,1,1,1,1,1,0,0,1,0,0,0,1,1,1,13
UTXW,B,81.3,FR,0,Asian,b,Y,N,N,N,N,87,1,1,1,0,1,0,0,0,0,1,1,1,1,1,0,1,1,0,1,1,13
UTXW,B,80.6,FR,1,"Asian,White",a. Sci,N,Y,Y,N,N,87,0,1,1,1,1,0,0,1,1,1,0,0,0,1,1,1,1,1,1,0,13
UTXW,B,78.6,FR,1,Black,b,Y,N,Y,Y,N,87,1,1,1,1,1,1,0,0,1,0,1,0,1,0,0,0,1,1,1,1,13
UTXW,A,96.2,FR,0,"Hisp,Asian", ,Y,Y,Y,N,N,87,1,1,1,1,1,1,0,0,1,1,1,0,0,0,0,1,1,0,1,1,13
UTXW,B,81,FR,1,Hisp,a. Eng,Y,N,N,N,N,78,0,1,1,1,1,1,0,0,1,1,1,1,1,1,0,0,1,0,1,0,13
UTXW,A,91.4,FR,0,"Hisp,Black",b,Y,DK,N,N,N,78,1,1,1,1,1,1,1,1,0,0,1,0,0,1,0,1,1,0,1,0,13
UTXW,A,99.9,FR,1,Asian,b,Y,N,Y,N,N,78,0,0,1,1,1,1,1,1,1,1,1,0,0,1,1,0,1,0,0,1,13
UTXW,A,87.6,FR,1,Hisp,a. Tech,Y,N,N,N,N,78,1,1,1,1,1,1,0,1,1,1,1,0,0,0,0,0,1,1,1,0,13
UTXW,A,100.7,FR,0,"White,Asian",a. Eng,Y,Y,Y,N,N,87,1,0,0,1,1,1,1,0,1,1,1,0,0,0,0,1,1,1,1,1,13
UTXW,A,93.9,FR,0,Arab,a. Eng,Y,N,Y,N,Y,87,1,1,1,0,1,1,1,1,1,1,1,0,0,0,0,1,1,1,0,0,13
UTXW,B,84.6,FR,1,White,,Y,N,Y,N,N,87,1,1,1,1,1,1,0,0,1,1,0,1,0,0,0,1,1,1,0,1,13
ACUP,C,73,JR,1,Am In,a. Eng,Y,DK,Y,N,N,78,1,1,1,1,1,1,1,1,1,1,1,0,0,0,0,1,1,1,0,0,14
ACUP,C,73.5,FR,1,White,c,Y,Y,Y,N,N,78,1,1,1,1,1,0,0,0,0,1,1,1,1,1,1,1,1,0,1,0,14
ACUP,A,94.6,FR,0,White,b,Y,Y,Y,N,N,78,1,1,1,1,1,1,1,1,1,1,0,0,0,0,0,1,1,1,1,0,14
ACUP,B,87.2,FR,0,White,a. Sci,Y,Y,Y,N,N,78,1,1,1,0,1,1,1,1,1,1,1,0,0,0,1,0,1,0,1,1,14
ACUP,B,86.9,FR,0,White,b,Y,DK,Y,N,N,87,1,1,1,1,1,1,1,0,0,1,0,1,1,1,0,1,1,1,0,0,14
ACUP,A,92.4,SO,1,White,b,Y,N,Y,N,N,87,1,1,1,1,0,1,0,0,1,1,0,1,1,0,0,1,1,1,1,1,14
ACUP,A,92.5,FR,1,White,b,Y,DK,Y,N,N,78,1,1,1,1,1,1,0,1,1,1,1,1,1,0,0,0,1,1,0,0,14
ACUP,A,92.9,FR,1,White,b,Y,N,Y,N,N,78,0,1,0,1,1,1,0,1,1,1,0,0,0,1,1,1,1,1,1,1,14
TAMSA,A,109,FR,1,White,b,Y,N,N,N,N,78,1,1,1,0,1,0,0,1,1,1,1,1,1,1,0,1,1,0,1,0,14
TAMU,B,87.3,FR,0,White,b,Y,DK,Y,N,N,87,0,1,1,1,1,1,1,1,1,1,0,0,0,1,0,0,1,1,1,1,14
TAMU,B,81.8,FR,0,White,STEM & b,Y,Y,Y,N,N,87,1,1,1,0,0,1,1,1,0,1,0,1,1,1,0,1,1,0,1,1,14
TAMU,C,67.7,FR,0,"White,Asian",a. Sci,N,N,Y,Y,N,78,0,1,1,1,1,1,0,0,1,1,1,1,0,1,0,1,1,0,1,1,14
TAMU,C,78.9,FR,0,White,c,Y,N,Y,N,N,87,1,1,1,1,1,1,0,1,1,1,0,0,0,1,1,0,1,0,1,1,14
TAMU,B,84.2,FR,0,White,a. Sci,Y,N,N,N,N,78,1,0,1,1,1,1,1,1,0,0,0,1,1,1,1,1,1,1,0,0,14
TAMU,C,78.9,FR,1,White,b,Y,N,Y,N,N,87,0,1,1,0,1,1,0,1,0,1,1,0,0,1,1,1,1,1,1,1,14
TAMU,B,85.5,SO,0,White,c,Y,N,Y,Y,N,78,1,1,1,0,1,0,0,0,1,1,1,1,0,1,0,1,1,1,1,1,14
TAMU,C,75.6,FR,1,White,b,Y,Y,Y,N,N,87,1,0,1,0,1,1,0,1,0,1,1,1,1,1,1,0,0,1,1,1,14
TAMU,A,92.5,FR,0,Asian,a. Math,Y,DK,Y,N,N,78,0,0,1,1,1,1,1,0,1,1,1,0,0,1,1,1,1,0,1,1,14
TAMU,B,80.1,FR,0,Hisp,a. Sci,Y,Y,Y,N,N,87,0,1,1,1,1,1,0,1,1,1,0,0,0,1,1,1,1,0,1,1,14
TAMU,A,91,SO,0,White,c,Y,N,Y,N,N,87,1,1,1,1,1,1,0,1,0,1,1,0,0,1,1,0,1,0,1,1,14
TAMU,C,75.9,FR,0,White,a. Sci,Y,Y,Y,N,Y,78,1,1,1,0,1,1,1,1,1,1,0,0,0,1,0,0,1,1,1,1,14
TAMU,A,94.3,SO,1,White,b,Y,Y,Y,N,N,78,1,1,1,0,1,1,0,1,1,1,1,0,0,1,0,0,1,1,1,1,14
TAMU,F,56.2,FR,0,Hisp,a. Sci,Y,N,Y,N,N,78,1,1,1,1,1,1,0,1,1,0,0,0,0,1,1,1,1,0,1,1,14
TAMU,C,78,FR,1,"Hisp,Black",,Y,N,N,N,N,78,1,1,1,1,1,0,0,0,1,1,1,1,1,1,1,0,1,0,1,0,14
TAMU,C,75.1,FR,1,Hisp,a. Sci,Y,N,Y,N,N,78,1,1,1,0,1,0,0,0,1,1,1,1,1,1,0,0,1,1,1,1,14
TAMU,A,92.8,FR,0,White,a. Sci,N,Y,Y,N,N,78,0,1,1,1,1,0,0,1,1,1,1,0,0,1,1,1,1,0,1,1,14
TAMU,B,87.9,FR,0,White,b,Y,Y,Y,N,N,78,1,0,1,1,0,0,0,0,1,1,1,1,1,1,0,1,1,1,1,1,14
TAMU,B,86.7,SO,0,White,b,Y,DK,Y,N,N,87,1,1,1,0,1,1,0,0,1,1,0,1,1,1,1,1,1,0,1,0,14
TAMU,A,90,FR,0,White,b,N,Y,Y,N,N,78,1,1,1,1,1,0,1,1,1,1,0,0,0,1,0,1,1,0,1,1,14
TAMU,B,88,SO,1,"White,Hisp",b,Y,DK,Y,N,N,78,1,0,0,1,1,1,1,1,1,1,1,0,0,0,1,0,1,1,1,1,14
TAMU,A,90.5,FR,1,White,b,Y,Y,Y,N,N,78,1,1,1,1,0,0,1,1,1,1,1,1,1,0,0,0,1,1,1,0,14
TAMU,A,91.7,FR,1,Black,a. Sci,Y,DK,Y,N,N,78,0,1,1,1,1,0,0,1,0,1,0,1,1,1,1,0,1,1,1,1,14
TAMU,B,86,FR,1,White,a. Eng,Y,Y,Y,N,N,78,1,1,1,0,1,0,1,1,1,1,1,0,1,1,1,0,1,0,0,1,14
TAMU,A,91.3,FR,0,White,b,Y,N,Y,N,N,87,1,1,0,0,1,1,1,1,1,0,1,1,0,1,0,0,1,1,1,1,14
TAMU,A,95.4,FR,0,White,b,Y,Y,Y,N,N,87,1,1,1,1,1,1,0,1,1,0,1,0,0,1,0,1,1,0,1,1,14
TAMU,A,95.2,SR,0,Asian,c,Y,N,N,Y,N,78,1,1,1,1,1,1,0,1,1,1,1,0,0,1,1,0,0,0,1,1,14
TAMU,B,79.2,JR,1,White,b,Y,Y,Y,N,N,87,1,1,1,0,1,0,0,1,1,1,0,1,1,1,1,0,1,1,0,1,14
TAMU,A,98.5,FR,1,White,a. Sci,Y,N,Y,N,N,87,1,0,1,0,0,1,0,1,1,1,0,1,1,1,1,0,1,1,1,1,14
TAMU,B,79.9,FR,1,White,b,Y,Y,Y,N,N,78,1,1,1,1,0,1,1,1,1,1,0,0,0,1,0,0,1,1,1,1,14
TAMU,B,86.3,FR,0,Mixed,a. Sci,Y,N,Y,N,N,78,0,1,1,1,1,0,1,0,1,1,1,0,0,1,0,1,1,1,1,1,14
TAMU,A,91.9,FR,1,Asian,b,Y,N,Y,N,N,78,1,1,1,1,1,1,1,1,1,1,1,0,0,0,1,0,1,0,1,0,14
TAMU,A,89.3,FR,0,AsianInd,STEM & b,Y,N,Y,N,N,87,0,0,0,1,1,1,1,1,1,1,0,1,1,1,1,0,0,1,1,1,14
TAMU,B,85,FR,0,White,b,Y,Y,Y,N,N,87,0,1,1,1,1,1,1,1,0,1,1,0,0,1,0,1,1,0,1,1,14
TAMU,A,92.5,FR,1,White,a. Sci,Y,N,Y,N,N,87,1,0,1,1,1,1,0,1,0,0,1,1,1,0,1,1,0,1,1,1,14
TAMU,A,101.1,FR,0,White,b,Y,Y,Y,N,N,87,1,1,0,0,1,1,0,1,1,1,1,0,0,1,1,0,1,1,1,1,14
TAMU,B,84.8,FR,0,White,b,Y,Y,Y,N,N,87,1,1,1,0,1,1,0,0,0,1,0,1,1,1,1,1,1,0,1,1,14
TAMU,B,87,SO,0,White,a. Sci,Y,N,Y,N,N,87,1,1,1,1,1,1,0,0,1,0,1,0,1,1,1,0,0,1,1,1,14
TAMU,B,86.5,FR,1,White,c,Y,DK,Y,Y,N,78,0,1,1,0,1,1,1,1,1,1,1,0,0,1,0,0,1,1,1,1,14
TAMU,B,87.5,FR,0,White,b,Y,Y,Y,N,N,78,1,1,1,0,1,1,1,1,1,1,1,0,0,1,0,0,1,1,1,0,14
TAMU,C,76.9,FR,1,White,a. Sci,Y,Y,Y,N,N,78,1,1,1,0,1,1,1,0,0,0,1,0,0,1,1,1,1,1,1,1,14
TAMU,B,87.1,FR,1,White,MATH,Y,DK,Y,N,Y,87,1,0,1,1,0,1,0,1,1,1,1,1,0,0,0,1,1,1,1,1,14
TAMU,C,78.3,FR,0,White,b,Y,N,Y,N,Y,87,0,1,1,0,1,1,0,0,0,1,1,1,0,1,1,1,1,1,1,1,14
TAMU,B,79.7,FR,0,"Hisp,AsianInd",b,Y,Y,Y,N,N,87,1,0,0,0,1,0,1,1,1,1,1,0,1,1,1,0,1,1,1,1,14
TAMU,B,80,FR,1,White,d,Y,N,Y,N,N,87,0,1,1,0,0,1,0,1,1,1,1,1,0,1,1,1,1,0,1,1,14
TAMU,A,94,FR,0,White,a. Sci,Y,Y,Y,N,Y,78,1,1,1,1,0,1,1,1,1,0,1,0,0,1,0,1,1,0,1,1,14
TAMU,B,84.1,FR,0,White,b,Y,Y,Y,N,N,87,1,1,1,1,1,1,0,1,1,1,1,0,0,0,0,1,1,0,1,1,14
TSU,B,79.1,FR,0,Hisp,a. Sci,Y,N,N,N,N,78,1,1,1,0,1,1,0,0,1,1,1,1,1,0,0,0,1,1,1,1,14
TSU,C,68.6,SO,1,Hisp,a. Tech,Y,N,N,N,N,78,1,1,1,1,1,1,1,1,1,1,1,0,1,0,0,0,1,1,0,0,14
UNT,C,78,FR,0,Asian,a. Eng,N,N,N,N,N,78,1,1,1,1,1,1,1,1,0,1,1,0,0,1,1,1,1,0,0,0,14
UNT,B,86,FR,0,White,a. Eng,Y,DK,Y,N,N,87,1,1,1,0,1,1,1,0,1,1,1,0,0,0,0,1,1,1,1,1,14
UNT,B,88.8,FR,1,"White,PI",a. Sci,Y,Y,Y,N,N,87,0,1,1,1,1,0,0,1,1,1,0,0,0,1,1,1,1,1,1,1,14
UNT,B,79.2,FR,0,White,a. Eng,Y,N,N,N,N,87,1,1,1,0,1,0,0,1,1,1,0,0,0,1,1,1,1,1,1,1,14
UNT,C,74.6,JR,0,"White,Hisp",b,Y,N,Y,N,Y,78,0,1,1,1,1,1,1,1,1,1,0,0,0,0,0,1,1,1,1,1,14
UNT,B,82.7,SO,0,White,a. Sci,Y,Y,Y,N,N,87,1,1,1,0,1,1,0,1,1,0,1,0,0,1,1,1,0,1,1,1,14
UNT,A,88.8,SO,1,White,a. Sci,Y,N,Y,N,N,78,1,1,1,0,1,1,1,1,1,1,1,0,0,1,1,0,0,0,1,1,14
UNT,A,98,SO,0,Hisp,a. Sci,Y,Y,Y,N,N,87,0,1,1,1,0,1,1,1,1,1,1,0,0,1,1,0,1,0,1,1,14
UNT,C,71.2,SO,0,Asian,a. Sci,Y,DK,DK,N,Y,78,1,1,1,0,1,0,1,1,0,1,1,0,0,1,1,1,1,0,1,1,14
UNT,A,90.4,SR,0,White,c,Y,Y,Y,N,Y,78,1,1,1,1,1,1,0,0,1,1,1,0,0,0,1,0,1,1,1,1,14
UTXW,A,86.5,FR,1,White,a. Sci,N,Y,N,N,Y,78,1,0,1,0,1,1,1,1,1,1,1,0,0,0,0,1,1,1,1,1,14
UTXW,A,95.7,FR,0,Mixed,b,Y,DK,Y,N,N,87,1,1,1,1,1,1,0,1,1,1,1,0,0,0,0,0,1,1,1,1,14
UTXW,A,92.1,FR,0,Hisp,"a. Tech,Math",Y,N,Y,N,N,78,1,0,1,1,1,1,1,1,1,1,0,0,0,1,0,1,1,0,1,1,14
UTXW,A,90.8,FR,1,Hisp,a. Eng,Y,N,N,N,N,87,1,1,1,1,1,1,1,0,1,1,1,0,0,0,0,1,1,0,1,1,14
UTXW,A,87.4,FR,0,White,b,Y,N,Y,N,Y,87,1,1,1,1,1,1,1,1,0,1,1,0,0,0,0,0,1,1,1,1,14
UTXW,A,92.7,FR,1,White,a. Tech,Y,N,N,N,N,78,0,1,1,1,1,1,0,0,1,1,1,1,1,0,0,1,1,1,1,0,14
UTXW,A,94.3,FR,1,Hisp,a. Eng,Y,N,Y,N,Y,78,1,1,1,1,1,1,1,1,1,1,1,0,0,0,0,1,1,0,1,0,14
UTXW,A,86.6,FR,0,Hisp,b,Y,N,N,N,N,87,1,1,1,1,1,1,0,1,1,1,0,1,1,1,0,0,1,1,0,0,14
UTXW,A,87.3,FR,0,Asian In,b,Y,N,Y,N,N,87,1,1,1,1,1,0,0,0,0,0,1,1,1,1,0,1,1,1,1,1,14
ACUP,C,78.8,FR,1,White,b,Y,N,Y,N,N,78,0,1,1,1,1,1,0,0,1,1,1,0,0,1,1,1,1,1,1,1,15
ACUP,A,95.2,FR,0,White,b,Y,Y,Y,N,N,78,1,1,1,1,1,1,0,0,1,1,1,0,0,1,1,1,1,0,1,1,15
ACUP,B,86.7,FR,1,White,a. Eng,Y,DK,Y,N,N,78,1,1,1,1,0,1,1,1,1,1,1,0,0,1,0,1,1,1,0,1,15
ACUP,B,81.2,FR,1,White,a. Eng,Y,N,N,N,N,78,1,1,1,1,1,1,0,0,1,1,0,1,1,1,0,0,1,1,1,1,15
ACUP,B,83.2,SO,0,White,b,N,Y,Y,Y,N,78,1,1,1,1,1,1,0,1,1,1,1,0,0,1,1,1,0,0,1,1,15
TAMU,A,91,FR,0,White,a. Math,Y,Y,Y,N,N,87,0,1,0,1,1,1,0,1,1,1,1,1,0,1,1,0,1,1,1,1,15
TAMU,A,91.7,FR,0,Black,b,Y,Y,Y,N,N,78,1,1,1,1,1,0,1,0,1,1,1,0,0,1,1,0,1,1,1,1,15
TAMU,B,88,FR,0,White,a. Sci,Y,Y,Y,N,N,78,1,0,1,1,1,1,1,1,1,1,1,0,0,1,1,0,1,0,1,1,15
TAMU,B,81.3,FR,1,White,a. Sci,Y,DK,Y,N,N,87,1,1,1,1,1,0,1,0,1,1,1,0,0,0,1,1,1,1,1,1,15
TAMU,A,92.6,FR,0,White,STEM,Y,DK,Y,N,N,78,0,1,1,1,1,0,1,1,1,1,0,1,1,1,1,0,1,0,1,1,15
TAMU,A,91.7,FR,0,White,b,Y,Y,Y,N,B,78,1,1,1,1,1,1,1,0,1,1,1,1,0,0,1,1,0,1,1,0,15
TAMU,B,83.1,SO,1,White,a. Sci,Y,Y,Y,N,N,78,0,1,1,1,1,0,0,1,1,1,1,0,0,1,1,1,1,1,1,1,15
TAMU,A,96.3,FR,0,White,b,Y,Y,Y,N,N,78,0,1,1,1,1,0,1,1,1,1,1,0,0,1,1,0,1,1,1,1,15
TAMU,D,62.4,FR,0,Hisp,a. Sci,Y,N,N,N,N,78,1,1,1,1,1,1,0,1,1,1,1,0,0,0,0,1,1,1,1,1,15
TAMU,B,87.2,FR,1,White,a. Sci,Y,Y,Y,N,N,78,1,0,1,0,1,0,1,0,1,1,1,1,1,1,0,1,1,1,1,1,15
TAMU,B,86.6,FR,1,White,a. Sci,Y,Y,Y,N,N,78,1,1,1,1,1,0,0,0,0,1,1,1,1,1,1,0,1,1,1,1,15
TAMU,A,97.4,FR,0,"White,AsianInd",a. Eng,Y,Y,Y,N,N,78,0,1,1,1,1,0,1,0,1,1,1,1,0,1,1,1,1,0,1,1,15
TAMU,A,94.3,FR,0,White,a. Sci,Y,N,Y,N,N,87,1,1,1,0,1,1,0,0,1,1,1,0,0,1,1,1,1,1,1,1,15
TAMU,B,88.2,FR,1,White,b,Y,Y,Y,N,Y,78,1,1,1,1,1,0,1,1,1,1,1,0,0,1,0,0,1,1,1,1,15
TAMU,B,79.7,FR,0,White,a. Sci,Y,Y,Y,N,Y,87,1,1,1,0,1,1,1,0,1,1,0,1,0,1,0,1,1,1,1,1,15
TAMU,A,95.9,FR,0,Hisp,b,Y,DK,Y,N,N,87,1,1,1,0,1,1,0,1,1,1,1,0,0,1,1,1,1,0,1,1,15
TAMU,B,79.2,FR,0,White,b,N,Y,Y,N,N,78,1,1,1,1,1,1,1,1,0,0,1,0,0,1,0,1,1,1,1,1,15
TAMU,A,93.8,FR,0,White,b,Y,Y,Y,N,N,78,1,1,1,1,1,1,1,1,0,0,1,1,1,1,1,0,0,0,1,1,15
TAMU,A,93.4,SO,1,White,b,Y,Y,Y,N,N,87,1,1,1,0,1,0,0,1,1,1,1,1,0,1,1,0,1,1,1,1,15
TAMU,A,96.4,FR,0,Asian,b,Y,N,N,N,N,87,1,1,1,1,1,0,0,1,1,1,1,0,1,1,0,0,1,1,1,1,15
TAMU,C,71.8,FR,,White,a. Sci,Y,Y,N,N,N,87,1,1,1,0,1,0,1,1,1,1,1,0,0,1,1,0,1,1,1,1,15
TAMU,B,80.9,FR,1,White,a. Sci,Y,N,Y,N,N,78,0,1,1,1,1,1,0,1,1,1,1,0,0,1,1,1,1,1,1,0,15
TAMU,A,90.8,FR,0,White,a. Sci,Y,Y,Y,N,N,78,1,1,1,1,1,1,1,1,0,0,0,0,0,1,1,1,1,1,1,1,15
TAMU,B,81.8,FR,0,Asian,c,N,Y,Y,N,N,87,1,0,1,1,1,1,1,1,1,1,1,0,1,1,1,1,1,0,0,0,15
TAMU,A,90.8,FR,0,"Asian,White",,Y,DK,Y,N,N,78,1,1,1,0,1,1,1,1,1,1,1,0,0,1,1,0,0,1,1,1,15
TAMU,C,74.4,FR,1,"White,Hisp",a. Sci,Y,N,N,N,N,87,1,1,1,1,1,1,0,1,1,1,1,1,1,0,0,0,1,0,1,1,15
TAMU,A,92.3,FR,0,White,a. Sci,Y,DK,Y,N,N,78,1,1,1,0,1,1,1,1,1,0,1,0,0,1,0,1,1,1,1,1,15
TAMU,B,86.6,FR,0,White,a. Sci,Y,N,Y,N,N,78,1,1,0,1,1,1,1,1,0,0,1,1,0,1,1,1,1,0,1,1,15
TAMU,A,89.2,FR,1,Arab,b,N,N,Y,N,N,78,1,1,1,1,1,0,1,1,0,1,1,1,1,1,1,0,0,0,1,1,15
TAMU,D,60.8,FR,1,White,a. Sci,Y,DK,Y,N,Y,87,1,1,1,1,1,1,1,1,1,1,0,0,0,1,1,0,1,0,1,1,15
TAMU,A,91.3,FR,1,AI-PAKASTANI,a. Eng,Y,N,Y,N,N,78,1,0,1,1,1,1,1,0,1,0,1,0,0,1,1,1,1,1,1,1,15
TAMU,C,77.4,FR,0,White,b,Y,N,Y,N,N,87,1,1,1,1,1,0,1,1,1,1,0,1,1,1,0,0,1,0,1,1,15
TAMU,B,84.8,FR,0,White,a. Sci,Y,Y,Y,N,N,78,0,1,1,1,1,1,0,1,1,0,1,0,0,1,1,1,1,1,1,1,15
TAMU,B,86,FR,0,Hisp,b,Y,N,N,N,N,87,1,1,1,0,1,1,0,1,0,1,1,0,0,1,1,1,1,1,1,1,15
TAMU,D,63.4,FR,1,White,a. Sci,N,N,Y,N,N,87,1,1,1,0,1,1,1,0,1,1,1,1,1,1,0,1,1,0,1,0,15
TAMU,A,91.5,FR,0,Asian,b,Y,Y,Y,N,N,87,0,1,1,1,1,1,0,1,1,1,0,1,1,1,0,1,0,1,1,1,15
TAMU,B,84.7,FR,1,"White,Hisp",b,Y,Y,Y,N,N,87,1,1,1,0,1,1,0,1,1,1,1,1,1,1,0,0,1,0,1,1,15
TAMU,C,77,FR,1,Hisp,b,Y,N,N,N,N,78,1,0,1,1,1,1,1,1,1,1,1,0,0,1,0,0,1,1,1,1,15
TAMU,B,81.1,FR,1,Asian,b,Y,Y,Y,N,N,87,1,1,1,1,1,0,1,1,1,1,0,0,0,1,1,1,1,0,1,1,15
TAMU,C,69.9,SO,0,Black,a. Math,Y,N,Y,Y,N,87,0,1,1,1,1,1,0,0,1,1,0,1,0,1,1,1,1,1,1,1,15
TAMU,A,96.2,SO,0,White,b,Y,Y,Y,Y,N,87,0,1,1,1,1,1,1,1,1,1,0,0,0,1,1,0,1,1,1,1,15
TSU,B,81.1,FR,1,Asian,b,Y,Y,Y,N,N,78,1,1,1,1,1,1,0,0,1,1,0,0,0,1,1,1,1,1,1,1,15
UNT,D,59.1,SO,1,Arab,a. Eng,N,N,Y,N,N,87,1,0,1,1,1,1,0,1,1,1,1,1,1,1,1,1,1,0,0,0,15
UNT,D,66.6,JR,1,Hisp,b,Y,DK,Y,N,Y,87,1,1,1,1,1,1,0,1,1,1,1,0,0,1,1,0,1,0,1,1,15
UNT,B,86.6,JR,1,White,a. Eng,Y,N,n,n,Y,78,0,1,1,1,1,1,1,1,1,1,1,0,0,1,0,1,1,1,1,0,15
UNT,C,77.2,JR,1,White,a. Eng,Y,Y,Y,N,Y,87,1,1,1,1,1,1,1,1,1,1,1,1,0,0,0,0,1,0,1,1,15
UNT,A,96.5,FR,1,Asian,a. Sci,N,N,Y,N,N,78,1,1,1,1,1,1,0,1,1,1,1,1,1,0,0,1,0,0,1,1,15
UNT,B,82.9,FR,0,"White,Black",a. Eng,Y,Y,Y,Y,N,87,1,1,1,1,1,1,1,1,1,0,1,0,0,0,0,1,1,1,1,1,15
UNT,D,67.6,FR,1,Black,a. Eng,Y,Y,Y,N,Y,78,1,0,0,1,1,1,0,1,1,1,1,1,1,1,1,0,0,1,1,1,15
UNT,B,82.4,FR,1,Mixed,a. Eng,Y,N,N,N,Y,78,1,1,1,0,1,1,1,0,1,1,1,0,0,1,1,1,1,0,1,1,15
UNT,F,13.8,SO,1,Black,a. Eng,Y,N,Y,N,Y,78,1,0,1,1,1,0,1,1,1,1,0,1,1,1,1,1,1,1,0,0,15
UNT,C,72.6,FR,1,Asian,a. Eng,Y,N,Y,N,N,78,1,1,1,1,1,0,1,1,1,1,1,1,1,0,0,0,1,1,1,0,15
UNT,C,78,SO,1,Mixed,b,Y,Y,Y,N,Y,78,0,1,1,1,1,0,1,1,1,1,1,0,0,0,1,1,1,1,1,1,15
UNT,F,43.8,FR,1,Hisp,a. Sci,Y,Y,Y,N,N,87,0,1,1,1,1,0,0,1,1,1,0,1,1,1,1,0,1,1,1,1,15
UNT,B,87.8,SR,1,Asian,a. Sci,N,N,N,Y,Y,78,1,1,1,1,1,1,1,1,1,1,1,0,0,0,1,0,0,1,1,1,15
UNT,A,90.1,PB,1,White,c,Y,DK,Y,N,Y,87,1,1,1,1,0,0,0,0,1,1,0,1,1,1,1,1,1,1,1,1,15
UNT,C,78.4,JR,1,Hisp,a. Sci,Y,N,N,Y,N,87,1,1,1,1,1,1,1,1,1,1,0,0,0,1,1,1,1,1,0,0,15
UNT,B,85,FR,1,Asian,a. Sci,N,N,N,N,N,87,1,1,1,1,1,1,0,1,1,1,1,1,1,1,1,1,0,0,0,0,15
UTXW,B,85,FR,0,Hisp,b,Y,N,N,N,N,87,1,1,1,0,1,1,1,1,1,0,1,1,0,0,1,1,1,0,1,1,15
UTXW,A,92.3,FR,0,White,c,Y,Y,Y,N,N,87,1,1,1,1,0,1,0,1,1,1,0,1,1,1,0,0,1,1,1,1,15
UTXW,C,75.1,FR,0,Asian,b,Y,N,N,Y,N,87,0,1,1,1,0,1,0,1,1,1,1,0,0,1,1,1,1,1,1,1,15
UTXW,A,96,FR,0,Asian,a. Sci,Y,N,N,N,N,87,1,1,1,0,1,1,0,1,1,1,1,0,0,1,1,1,1,0,1,1,15
UTXW,A,96,FR,0,Hisp,a. Eng,Y,N,N,Y,N,78,1,1,1,0,1,1,0,1,1,1,1,1,0,1,0,0,1,1,1,1,15
UTXW,A,92.8,FR,0,Hisp,b,Y,N,Y,N,N,87,1,1,1,1,1,0,0,1,0,1,1,1,1,1,0,1,0,1,1,1,15
UTXW,A,103.1,FR,0,"Asian,White",a. Eng,Y,Y,Y,N,N,87,1,1,1,1,1,1,0,0,1,1,1,0,1,0,0,1,1,1,1,1,15
ACUP,A,96,FR,1,White,b,Y,N,Y,N,N,87,0,0,1,1,1,1,0,1,1,0,1,1,1,1,1,1,1,1,1,1,16
ACUP,A,92.4,FR,0,Hisp,b,N,N,Y,N,N,87,1,0,1,1,1,1,0,1,1,1,1,0,1,1,1,1,1,0,1,1,16
ACUP,A,92.6,SR,1,White,a. Eng,Y,Y,Y,N,N,87,1,0,1,1,1,1,1,1,1,1,1,0,1,1,1,0,1,0,1,1,16
ACUP,B,88.9,FR,0,White,b,N,Y,Y,N,N,78,1,1,1,1,1,1,0,0,1,1,1,0,1,1,1,1,1,0,1,1,16
TAMU,B,86.8,FR,1,Hisp &White,b,Y,DK,Y,N,N,87,1,1,1,1,1,1,1,1,1,0,0,0,0,1,1,1,1,1,1,1,16
TAMU,A,92.6,FR,0,White,c,Y,Y,Y,N,N,87,0,1,1,1,1,1,0,1,1,1,1,0,1,1,1,0,1,1,1,1,16
TAMU,B,82.4,FR,1,Hisp,a. Sci,Y,Y,N,Y,N,78,1,1,1,0,1,1,1,1,1,1,1,1,1,1,1,0,0,0,1,1,16
TAMU,A,95.4,FR,0,White,b,Y,N,Y,N,N,87,0,0,1,1,1,1,0,0,1,1,1,1,1,1,1,1,1,1,1,1,16
TAMU,B,81.3,SO,0,Asian,b,Y,Y,Y,N,N,87,1,1,1,1,1,1,0,1,1,1,0,1,1,1,0,0,1,1,1,1,16
TAMU,A,90.7,FR,0,White,a. Sci,Y,DK,N,N,N,87,1,1,1,1,1,1,0,1,1,1,0,0,0,1,1,1,1,1,1,1,16
TAMU,A,90.8,FR,0,White,b,Y,Y,Y,N,N,78,1,1,1,1,1,1,1,1,1,1,0,0,0,1,1,0,1,1,1,1,16
TAMU,B,81.5,SO,1,Black,a. Math,Y,Y,Y,N,N,78,1,1,1,1,1,0,1,1,1,1,1,1,0,1,1,1,1,0,1,0,16
TAMU,C,76.8,FR,1,White,STEM,N,Y,Y,N,N,87,1,1,1,1,1,1,0,1,1,1,1,0,0,0,1,1,1,1,1,1,16
TAMU,A,89.1,FR,0,White,a. Sci,Y,Y,Y,N,N,87,1,1,1,0,1,1,0,1,1,1,1,0,0,1,1,1,1,1,1,1,16
TAMU,B,88.8,FR,0,AsianInd,b,Y,N,Y,N,N,87,1,1,1,1,1,0,0,0,1,1,1,1,1,1,1,1,1,0,1,1,16
TAMU,A,95.1,FR,0,White,b,Y,N,Y,N,N,78,1,1,1,1,1,0,1,1,1,1,0,1,1,1,1,0,0,1,1,1,16
TAMU,A,95.5,FR,0,Hisp,a. Sci,N,DK,,N,N,78,0,1,0,1,0,1,1,1,1,1,1,1,1,1,0,1,1,1,1,1,16
TAMU,B,88.6,FR,0,Hisp,a. Sci,Y,N,N,N,N,78,1,1,1,1,1,1,0,1,1,1,0,1,1,1,1,0,0,1,1,1,16
TAMU,B,88.8,SO,0,"Asian, PI",b,Y,DK,Y,N,N,87,1,1,1,1,0,0,1,1,1,1,1,1,1,1,0,1,1,0,1,1,16
TAMU,A,95,JR,0,"White,Asian",b,Y,N,N,N,N,87,1,1,1,0,1,1,1,1,1,1,1,0,0,1,0,1,1,1,1,1,16
TAMU,B,82.7,FR,1,White,a. Sci,Y,Y,Y,N,N,78,1,1,1,1,1,0,0,0,1,0,1,1,1,1,1,1,1,1,1,1,16
TAMU,B,85.7,FR,O,White,a. Sci,N,Y,Y,N,N,78,0,1,1,0,1,1,1,1,1,1,1,1,1,1,0,1,1,0,1,1,16
TAMU,D,64.7,FR,1,Asian,a. Sci,Y,DK,DK,N,N,78,1,1,1,0,1,1,0,0,1,1,0,1,1,1,1,1,1,1,1,1,16
TAMU,A,91.4,FR,0,White,b,Y,Y,Y,N,N,87,1,1,1,1,1,1,1,1,1,1,1,0,0,0,1,1,1,0,1,1,16
TAMU,A,94.1,FR,0,White,a. Sci,Y,N,Y,N,Y,78,0,1,1,1,1,0,0,1,1,1,1,1,1,1,0,1,1,1,1,1,16
TAMU,A,93.8,FR,0,AsianInd,b,Y,Y,Y,N,N,78,1,1,1,1,1,0,0,0,1,1,1,1,1,1,1,1,1,1,1,0,16
TAMU,B,84.8,SO,1,Hisp,b,Y,N,N,N,N,87,1,1,1,1,1,1,1,0,0,1,1,1,1,0,1,0,1,1,1,1,16
TAMU,C,71.7,FR,0,White,STEM & b,Y,N,Y,N,Y,78,1,1,1,0,1,1,1,0,1,1,1,1,1,1,1,0,1,0,1,1,16
TAMU,B,83.9,JR,0,Asian,a. Sci,Y,Y,Y,N,N,87,1,1,1,1,1,1,1,0,1,1,1,1,1,1,0,1,1,1,0,0,16
TAMU,B,85.2,FR,1,White,b,Y,Y,Y,N,N,87,1,1,1,1,1,0,0,1,1,1,1,1,1,1,0,0,1,1,1,1,16
TAMU,A,93.5,JR,1,"White,Hisp",a. Sci,Y,N,N,N,N,78,0,1,1,1,1,1,1,0,1,1,1,1,0,1,1,1,0,1,1,1,16
TAMU,B,82.4,FR,0,"Hisp,White",a. Sci,Y,Y,Y,N,N,87,1,1,1,1,1,1,1,1,0,0,1,1,1,1,1,0,0,1,1,1,16
TAMU,C,77.5,FR,1,AsianInd,b,Y,N,Y,N,N,78,1,1,1,0,1,1,0,1,1,1,1,1,1,1,0,0,1,1,1,1,16
TAMU,B,85.9,SO,0,White,a. Sci,Y,DK,Y,N,N,78,1,1,1,1,1,0,1,0,1,1,1,1,0,1,1,1,1,0,1,1,16
TAMU,C,77.6,FR,1,White,STEM,Y,N,Y,N,N,87,1,1,1,1,1,1,0,1,1,1,0,0,0,1,1,1,1,1,1,1,16
UNT,F,54.9,SO,1,White,a. Eng,Y,Y,Y,N,N,87,1,0,1,1,1,1,1,1,1,1,1,0,0,1,1,1,1,1,0,1,16
UNT,B,80.4,FR,1,White,a. Sci,Y,n,Y,N,N,78,1,1,1,1,1,0,1,1,1,1,1,1,1,0,0,1,1,1,1,0,16
UNT,F,19.8,SO,1,Black,a. Eng,Y,Y,Y,N,N,78,1,1,1,1,1,1,1,1,1,1,0,0,0,1,1,1,1,1,1,0,16
UNT,A,97.6,FR,0,Arab,d,Y,Y,Y,N,N,78,1,1,1,1,1,1,1,1,1,1,1,1,1,1,0,0,1,0,1,0,16
UNT,A,92.9,FR,0,White,b,Y,Y,Y,N,N,87,0,0,1,1,1,1,1,1,1,1,1,0,0,1,1,1,1,1,1,1,16
UNT,C,71.2,JR,1,White,a. Eng,Y,Y,Y,N,Y,87,1,1,1,1,1,1,1,1,1,1,1,1,1,0,0,1,0,0,1,1,16
UTXW,A,91.2,FR,0,"Hisp,Arab",b,Y,N,N,N,N,78,1,1,1,1,1,1,1,1,1,0,1,1,1,0,0,0,1,1,1,1,16
UTXW,A,95.7,FR,1,Hisp,a. Sci,N,N,DK,N,N,78,1,1,1,1,1,1,0,1,0,1,1,1,1,1,1,0,0,1,1,1,16
UTXW,A,96.2,FR,0,Hisp,b,Y,N,N,N,N,87,1,1,1,1,1,1,1,1,1,0,1,0,1,1,0,1,1,0,1,1,16
UTXW,A,94.3,FR,0,Hisp,b,Y,DK,Y,N,N,78,1,0,1,1,1,1,1,1,1,0,1,1,0,1,1,1,1,0,1,1,16
UTXW,B,82.5,FR,1,Hisp,b,Y,N,N,N,N,87,1,1,1,1,1,0,1,1,1,1,0,1,0,1,0,1,1,1,1,1,16
UTXW,A,102.4,FR,1,Black,a. Tech,Y,N,Y,Y,N,78,1,1,0,1,1,1,0,0,1,1,1,1,1,1,1,1,1,0,1,1,16
UTXW,A,102.1,FR,0,White,a. Sci,Y,Y,Y,N,N,78,1,1,1,1,1,1,1,0,1,1,1,1,1,1,0,0,1,1,1,0,16
UTXW,B,80.9,FR,0,Asian,b,N,N,Y,Y,N,87,1,1,1,1,1,1,1,1,1,1,1,0,0,1,0,1,1,0,1,1,16
UTXW,C,75.3,FR,0,White,a. Sci,Y,N,N,N,N,87,1,1,1,1,1,1,1,1,1,1,0,0,0,1,1,0,1,1,1,1,16
UTXW,A,96.8,FR,1,White,,Y,Y,Y,N,N,87,1,1,1,1,0,1,1,1,1,1,1,0,0,1,1,0,1,1,1,1,16
UTXW,A,100.7,FR,0,Asian,b,Y,N,Y,Y,N,78,1,1,1,1,1,1,1,1,1,0,1,0,0,1,1,1,1,0,1,1,16
UTXW,B,81.3,FR,0,Hisp,a. Math,Y,N,N,Y,N,87,1,1,1,0,1,1,0,1,0,0,1,1,1,1,1,1,1,1,1,1,16
ACUP,A,95.4,FR,0,Hisp,b,Y,Y,Y,N,N,78,1,1,1,1,1,1,1,1,1,1,1,0,0,1,1,1,1,0,1,1,17
ACUP,A,94.6,FR,0,White,a. Sci,Y,Y,Y,N,N,78,1,1,1,1,1,1,1,1,1,1,1,0,0,1,1,1,1,1,1,0,17
ACUP,A,94.7,FR,0,White,b,Y,DK,Y,N,N,87,1,1,1,1,1,1,1,0,1,1,1,1,1,1,1,1,1,1,0,0,17
ACUP,A,98.3,FR,1,Asian,b,Y,Y,Y,N,N,87,1,1,1,1,1,1,0,1,1,1,1,0,0,1,1,1,1,1,1,1,17
ACUP,C,72.5,SO,1,Hisp,STEM,Y,N,Y,N,N,78,1,1,1,1,1,1,1,1,1,1,0,1,1,1,0,0,1,1,1,1,17
ACUP,A,96.5,FR,1,White,b,Y,N,Y,N,N,87,1,1,1,1,1,1,0,1,1,1,1,1,1,1,1,1,1,1,0,0,17
ACUP,B,85.8,FR,0,White,b,Y,Y,Y,N,N,87,1,1,1,1,1,0,0,0,1,1,1,1,1,1,1,1,1,1,1,1,17
ACUP,B,83.9,FR,1,Black,b,Y,DK,Y,N,N,87,1,1,1,1,1,1,1,1,1,1,1,0,0,1,1,1,1,1,1,0,17
ACUP,B,88.7,FR,0,White,a. Sci,Y,Y,Y,N,N,87,1,1,1,0,1,1,1,1,1,1,1,1,1,0,0,1,1,1,1,1,17
TAMU,A,93.2,FR,1,White,a. Sci,Y,N,Y,N,N,78,1,1,1,1,1,0,1,1,1,1,1,0,0,1,1,1,1,1,1,1,17
TAMU,B,87.8,FR,0,White,a. Math,Y,DK,Y,N,Y,78,1,0,1,1,1,1,0,1,1,1,1,1,0,1,1,1,1,1,1,1,17
TAMU,A,89.4,SO,0,White,a. Sci & b,Y,Y,Y,N,N,87,1,1,1,1,1,1,1,1,1,1,1,0,0,0,1,1,1,1,1,1,17
TAMU,A,97.3,SO,1,White,c,Y,Y,Y,N,Y,78,1,1,1,1,1,0,1,0,1,1,1,1,1,1,1,1,1,1,1,0,17
TAMU,A,94.3,FR,1," White,NA",b,Y,Y,Y,N,N,87,1,1,1,0,1,1,0,1,1,1,0,1,1,1,1,1,1,1,1,1,17
TAMU,A,92.5,FR,0,White,a. Sci,Y,Y,Y,N,N,78,1,1,1,1,1,1,0,1,1,1,1,1,1,1,0,0,1,1,1,1,17
TAMU,B,85.2,FR,1,White,a. Eng,Y,Y,Y,N,N,87,0,1,1,1,1,1,0,0,1,1,1,1,1,1,1,1,1,1,1,1,17
TAMU,A,96.5,FR,0,AsianInd,b,Y,Y,Y,N,N,87,1,1,1,1,1,1,1,1,0,1,1,0,0,1,1,1,1,1,1,1,17
TAMU,B,79.3,SO,0,White,a. Math,Y,Y,Y,N,Y,78,1,1,1,0,1,1,1,1,0,1,1,1,1,1,1,1,0,1,1,1,17
TAMU,B,80.4,FR,0,Hisp,b,Y,Y,Y,N,N,78,1,1,1,1,1,1,0,1,1,1,1,1,1,0,1,1,1,1,1,0,17
TAMU,A,93.4,JR,0,White,b,Y,Y,Y,N,N,78,1,1,1,1,1,0,0,0,1,1,1,1,1,1,1,1,1,1,1,1,17
TAMU,A,93.8,FR,0,White,a. Sci,N,Y,Y,N,N,87,1,1,1,1,1,1,1,1,1,0,1,1,0,1,1,1,1,0,1,1,17
TAMU,A,92.1,FR,0,Hisp,b,Y,Y,Y,N,N,78,1,1,1,1,1,1,0,0,1,1,1,1,1,1,0,1,1,1,1,1,17
TAMU,B,82.6,FR,0,Asian,b,Y,Y,Y,N,N,87,1,1,1,1,1,1,1,1,1,1,1,0,0,1,1,0,1,1,1,1,17
TAMU,C,76,FR,1,Hisp,a. Math,Y,N,N,Y,N,87,1,1,1,1,1,1,0,0,1,1,1,1,1,1,1,0,1,1,1,1,17
TAMU,C,75.4,FR,1,White,a. Sci,Y,Y,Y,N,N,87,1,1,1,0,1,0,0,1,1,1,1,1,1,1,1,1,1,1,1,1,17
TAMU,C,78.5,FR,0,White,b,Y,Y,Y,N,N,78,1,1,1,0,1,1,0,1,1,1,1,1,1,1,0,1,1,1,1,1,17
TAMU,A,96.2,FR,1,Asian,a. Sci,Y,N,Y,N,N,78,1,1,1,1,1,0,1,1,1,0,0,1,1,1,1,1,1,1,1,1,17
TAMU,A,94.7,FR,1,White,b,Y,Y,Y,N,N,78,1,0,1,1,1,1,0,1,1,1,1,1,1,0,1,1,1,1,1,1,17
TAMU,B,88.6,FR,1,Arab,b,Y,N,Y,N,N,78,0,1,1,1,1,1,0,1,1,1,1,1,1,1,0,1,1,1,1,1,17
TAMU,A,96.3,FR,1,Hisp,a. Sci,Y,N,Y,N,N,87,1,1,1,1,1,1,1,1,1,1,0,1,1,1,1,1,1,0,0,1,17
TAMU,B,86.5,FR,1,Hisp,a. Eng,Y,Y,Y,N,N,87,1,1,0,1,1,1,1,1,1,1,1,1,0,0,1,1,1,1,1,1,17
TAMU,A,92.8,FR,1,Asian,b,Y,Y,Y,N,N,78,1,1,1,1,1,0,1,1,1,1,1,1,1,1,1,1,1,0,1,0,17
TAMU,A,90.2,FR,1,Asian,a. Math,Y,Y,Y,N,N,78,1,1,1,1,1,1,1,1,1,1,1,0,0,1,1,1,1,0,1,1,17
TAMU,A,91.9,JR,1,Asian,b,Y,Y,Y,N,N,78,1,1,1,1,1,1,1,0,1,1,1,1,1,0,0,1,1,1,1,1,17
TAMU,A,91.6,FR,0,White,a. Sci,Y,Y,Y,N,N,87,1,1,1,1,1,1,0,0,1,1,1,1,1,1,1,1,1,0,1,1,17
TAMU,B,85,FR,0,Asian,b,Y,N,N,N,N,87,0,1,1,1,1,1,0,1,1,1,1,1,1,1,0,1,1,1,1,1,17
TAMU,B,87.3,FR,0,Asian,b,Y,Y,Y,N,N,78,1,0,1,1,1,1,1,1,1,1,1,1,1,1,1,0,0,1,1,1,17
TAMU,B,83.3,FR,0,Hisp,b,Y,N,Y,N,N,87,1,1,0,1,1,0,1,1,1,1,1,0,1,1,1,1,1,1,1,1,17
TAMU,B,87.3,FR,0,White,b,Y,N,N,N,N,87,1,1,1,1,1,0,0,0,1,1,1,1,1,1,1,1,1,1,1,1,17
TAMU,A,89.8,JR,0,White,b,Y,Y,Y,N,N,87,1,1,1,1,1,1,0,1,0,1,1,0,1,1,1,1,1,1,1,1,17
TAMU,A,89,SO,1,White,a. Sci,Y,N,N,N,N,78,1,1,1,1,1,1,1,1,1,1,1,0,0,1,0,1,1,1,1,1,17
TAMU,A,94.5,FR,0,White,b,Y,N,Y,N,N,87,1,1,1,0,1,1,1,1,1,1,1,0,0,1,1,1,1,1,1,1,17
TAMU,B,86.4,FR,0,Hisp,a. Sci,Y,N,Y,N,N,87,1,1,1,1,1,0,1,0,1,1,0,1,1,1,1,1,1,1,1,1,17
TAMU,W,NA,FR,0,White,a. Sci,Y,N,Y,N,N,78,1,1,1,1,0,1,0,1,1,1,1,1,1,1,1,1,1,0,1,1,17
TAMU,B,86.8,FR,1,White,a. Sci,Y,N,Y,N,N,78,1,1,1,1,1,0,0,1,1,1,1,1,1,1,0,1,1,1,1,1,17
TAMU,A,91.2,FR,0,White,a. Eng,Y,Y,Y,N,N,78,1,1,1,1,1,1,1,1,1,1,1,0,0,1,1,1,1,0,1,1,17
TAMU,B,84.3,FR,0,White,a. Sci,Y,N,N,N,Y,78,1,1,1,1,1,1,1,1,1,1,0,1,1,1,0,1,1,0,1,1,17
TAMU,A,94.9,FR,1,Asian,a. Eng,Y,Y,Y,N,N,87,1,1,1,0,1,1,1,0,1,1,1,1,1,1,1,1,1,0,1,1,17
TAMU,A,92.9,FR,1,White,b,Y,,N,N,N,87,0,1,1,1,1,0,1,1,1,1,1,1,1,1,0,1,1,1,1,1,17
TAMU,A,92.6,FR,1,AsianInd,a. Eng,Y,Y,Y,N,N,78,1,1,1,1,1,0,0,0,1,1,1,1,1,1,1,1,1,1,1,1,17
TAMU,B,85.4,FR,0,White,a. Sci,Y,N,Y,N,Y,78,1,1,1,1,1,1,1,1,1,1,1,0,0,1,0,1,1,1,1,1,17
TSU,A,99.2,FR,0,White,a. Eng,Y,Y,Y,N,N,87,1,1,1,0,1,0,1,1,1,1,1,1,1,1,1,0,1,1,1,1,17
UNT,B,84.5,JR,1,White,a. Eng,Y,Y,Y,N,Y,87,1,1,1,1,1,1,1,1,1,1,1,0,0,1,0,1,1,1,1,1,17
UNT,A,92.4,FR,1,White,a. Eng,Y,Y,Y,N,N,78,1,1,0,1,1,1,1,0,1,1,1,1,1,1,0,1,1,1,1,1,17
UNT,A,98.1,FR,1,White,a. Eng,Y,Y,Y,N,Y,78,1,1,1,1,1,1,0,1,1,1,1,0,0,1,1,1,1,1,1,1,17
UNT,C,74.8,FR,1,"White,Hisp",a. Eng,Y,Y,Y,N,Y,87,1,1,1,1,1,1,1,0,1,1,1,1,1,1,1,1,1,1,0,0,17
UNT,A,94.2,FR,0,Black,a. Sci,Y,DK,Y,N,N,78,1,1,1,1,1,1,1,1,1,1,1,0,0,1,1,0,1,1,1,1,17
UNT,A,96.3,SO,0,Hisp,a. Sci,Y,N,Y,N,N,78,1,1,1,1,1,0,1,1,1,1,1,0,1,1,1,0,1,1,1,1,17
UNT,A,89.3,FR,0,Hisp,a. Sci,Y,N,N,N,N,87,1,1,1,1,1,1,1,1,1,1,1,1,1,0,1,1,0,0,1,1,17
UTXW,A,104.7,FR,1,"White,Hisp",b,N,N,Y,N,N,87,0,1,1,1,1,0,1,1,1,1,1,1,1,1,1,1,1,1,1,0,17
UTXW,B,82.2,FR,1,White,b,Y,N,Y,N,Y,78,1,1,1,1,1,1,0,0,1,1,1,1,1,1,0,1,1,1,1,1,17
UTXW,A,94.1,FR,0,Hisp,b,Y,Y,Y,N,N,87,1,1,1,1,1,1,0,1,1,1,1,1,1,1,0,0,1,1,1,1,17
UTXW,A,92.8,FR,0,White,,Y,Y,Y,N,N,87,0,0,0,1,1,1,1,1,1,1,1,1,1,1,1,1,1,1,1,1,17
UTXW,C,66.8,FR,1,Hisp,b,Y,N,N,N,Y,87,1,0,0,1,1,1,1,1,1,1,1,1,1,1,0,1,1,1,1,1,17
UTXW,A,104,FR,0,"White,Hisp",a. Eng,Y,N,N,N,N,78,1,1,1,0,1,0,1,1,1,1,1,1,1,1,0,1,1,1,1,1,17
UTXW,B,76.6,FR,0,White,c,Y,Y,Y,N,N,78,1,1,1,1,1,1,1,1,1,1,1,1,1,0,0,1,1,0,1,1,17
ACUP,A,93.9,FR,0,White,b,Y,Y,Y,N,N,87,1,1,1,1,1,1,0,1,1,1,1,0,1,1,1,1,1,1,1,1,18
ACUP,A,95.7,FR,1,White,a. Eng,Y,DK,Y,N,N,87,1,1,1,1,1,1,1,0,1,1,1,1,1,1,1,1,1,0,1,1,18
ACUP,A,96.4,FR,1,Hisp,b,Y,Y,Y,N,N,87,1,1,1,1,0,1,1,1,0,1,1,1,1,1,1,1,1,1,1,1,18
TAMU,A,91.5,FR,0,White,b,Y,Y,Y,N,N,78,1,1,1,1,1,0,1,1,1,1,0,1,1,1,1,1,1,1,1,1,18
TAMU,A,92.5,FR,0,White,c,Y,Y,Y,N,N,87,0,1,1,1,1,1,1,0,1,1,1,1,1,1,1,1,1,1,1,1,18
TAMU,C,76.2,FR,0,AsianInd,b,Y,Y,Y,N,N,87,1,1,1,1,1,1,0,1,1,1,1,1,1,1,1,0,1,1,1,1,18
TAMU,A,91,FR,1,White,a. Sci,Y,Y,Y,N,N,87,1,1,1,1,1,1,1,0,1,1,1,1,1,1,1,0,1,1,1,1,18
TAMU,B,80.9,FR,1,White,b,Y,Y,Y,N,N,78,1,1,1,1,1,1,1,1,1,1,1,0,0,1,1,1,1,1,1,1,18
TAMU,A,96.3,FR,1,White,a. Eng,Y,Y,Y,N,N,87,1,1,1,1,1,1,1,1,1,1,1,0,1,1,1,1,1,1,1,0,18
TAMU,B,87.4,FR,1,Asian,b,Y,N,N,N,N,87,0,1,1,1,1,1,1,1,1,1,1,1,1,1,1,1,1,1,0,1,18
TAMU,A,95.7,FR,0,AsianInd,b,Y,N,Y,N,N,78,1,1,1,0,1,0,1,1,1,1,1,1,1,1,1,1,1,1,1,1,18
TAMU,A,92.6,FR,1,White,a. Sci,Y,Y,Y,N,N,78,0,1,1,0,1,1,1,1,1,1,1,1,1,1,1,1,1,1,1,1,18
TAMU,B,88.9,FR,1,White,a. Sci,Y,Y,Y,N,N,87,1,1,1,1,1,1,1,1,1,1,1,1,0,1,1,1,1,0,1,1,18
TAMU,B,87.4,FR,0,White,b,Y,N,Y,N,Y,78,1,1,1,1,0,1,1,1,1,1,0,1,1,1,1,1,1,1,1,1,18
TAMU,B,83.8,FR,1,White,a. Math,Y,Y,Y,N,Y,78,1,1,1,1,1,0,1,1,1,1,0,1,1,1,1,1,1,1,1,1,18
TAMU,A,95.3,FR,1,White,a. Sci,Y,N,N,N,N,87,1,1,1,1,1,1,0,0,1,1,1,1,1,1,1,1,1,1,1,1,18
TAMU,A,94.6,FR,0,AsianInd,b,Y,N,Y,N,N,87,0,1,1,1,1,1,1,1,1,1,1,1,0,1,1,1,1,1,1,1,18
TAMU,A,95.8,FR,0,White,a. Eng,Y,Y,Y,N,N,87,1,1,1,0,1,1,1,1,1,1,1,1,1,1,1,0,1,1,1,1,18
TAMU,C,74.6,FR,1,Asian,a. Sci,Y,Y,Y,N,N,78,1,0,0,1,1,1,1,1,1,1,1,1,1,1,1,1,1,1,1,1,18
TAMU,A,99.1,FR,1,White,b,Y,Y,Y,N,N,78,1,1,1,1,1,1,1,1,1,1,1,0,0,1,1,1,1,1,1,1,18
TAMU,B,84.1,FR,0,White,b,Y,Y,Y,N,N,78,1,1,1,1,1,0,0,1,1,1,1,1,1,1,1,1,1,1,1,1,18
TAMU,A,90.8,FR,1,White,a. Tech,Y,Y,Y,N,N,78,0,1,1,1,1,0,1,1,1,1,1,1,1,1,1,1,1,1,1,1,18
TAMU,A,89,FR,0,White,a. Sci,Y,Y,Y,N,N,78,1,1,1,1,1,0,0,1,1,1,1,1,1,1,1,1,1,1,1,1,18
UNT,B,87.3,SO,1,Hisp,d,Y,N,N,N,N,87,1,1,1,1,1,0,1,1,1,1,1,1,1,1,1,1,1,1,1,0,18
UTXW,B,82.1,FR,0,Hisp,b,Y,N,N,N,N,78,1,1,1,1,1,1,1,1,1,1,1,0,0,1,1,1,1,1,1,1,18
UTXW,A,98.9,FR,1,Hisp,b,Y,N,N,N,N,78,1,1,1,1,1,1,1,1,1,1,1,0,0,1,1,1,1,1,1,1,18
ACUP,A,95.8,FR,1,Asian,a. Sci,N,N,Y,N,N,78,1,1,1,1,1,1,1,1,1,1,1,1,1,1,1,0,1,1,1,1,19
TAMU,A,89.4,FR,1,White,a. Sci,Y,Y,Y,N,N,87,1,1,1,0,1,1,1,1,1,1,1,1,1,1,1,1,1,1,1,1,19
TAMU,A,90.7,FR,1,White,a. Eng,Y,Y,Y,N,N,87,1,1,1,1,1,1,0,1,1,1,1,1,1,1,1,1,1,1,1,1,19
TAMU,B,87,FR,1,Hisp,d,Y,Y,Y,N,N,87,1,1,1,1,1,1,1,1,1,1,1,1,1,1,1,0,1,1,1,1,19
TAMU,A,93.7,FR,1,White,a. Sci,Y,N,Y,N,N,78,1,1,1,1,1,1,1,1,1,1,1,1,1,0,1,1,1,1,1,1,19
TAMU,A,96.3,FR,0,AsianInd,STEM,Y,Y,Y,N,N,78,1,1,1,1,1,1,0,1,1,1,1,1,1,1,1,1,1,1,1,1,19
TAMU,A,98.9,FR,1,White,b,Y,Y,Y,N,N,78,1,1,1,1,1,0,1,1,1,1,1,1,1,1,1,1,1,1,1,1,19
TAMU,B,84.5,SO,1,Hisp,b,Y,N,N,N,N,87,1,1,1,1,1,1,1,1,1,1,1,1,1,1,0,1,1,1,1,1,19
TAMU,B,87.9,FR,0,White,b,Y,Y,Y,N,N,87,1,0,1,1,1,1,1,1,1,1,1,1,1,1,1,1,1,1,1,1,19
TAMU,A,89.3,FR,,Black,,,,,,,78,1,1,1,1,1,1,0,1,1,1,1,1,1,1,1,1,1,1,1,1,19
TAMU,A,89.7,FR,0,White,a. Math,Y,Y,Y,N,N,87,1,1,1,1,1,1,1,1,1,1,1,0,1,1,1,1,1,1,1,1,19
TAMU,B,84.1,SR,1,White,a. Math,Y,Y,Y,Y,N,78,1,1,1,1,1,0,1,1,1,1,1,1,1,1,1,1,1,1,1,1,19
TAMU,B,80.5,FR,1,White,a. Math,Y,Y,Y,N,N,87,1,1,1,1,1,0,1,1,1,1,1,1,1,1,1,1,1,1,1,1,19
TAMU,A,96.4,FR,1,White,a. Eng,Y,Y,Y,N,N,87,1,1,1,1,1,1,1,1,1,0,1,1,1,1,1,1,1,1,1,1,19
TAMU,B,87.7,FR,1,White,a. Eng,N,Y,Y,N,N,87,1,1,1,1,1,1,1,1,1,1,1,1,1,1,1,1,1,0,1,1,19
TAMU,A,93.2,FR,1,AsianInd,b,Y,Y,Y,N,N,78,1,1,1,1,1,1,1,1,1,1,1,1,1,1,1,1,1,0,1,1,19
TAMU,B,82.2,FR,1,Hisp,a. Sci,Y,Y,Y,N,N,87,1,1,1,1,1,1,1,1,1,1,1,1,1,1,1,1,1,0,1,1,19
TAMU,A,93.3,FR,1,AsianInd,b,N,Y,Y,N,N,78,1,1,1,1,1,1,1,1,1,1,1,1,1,0,1,1,1,1,1,1,19
TAMU,A,91.9,FR,0,White,b,Y,Y,Y,N,N,78,1,1,1,1,1,1,1,1,1,1,1,1,1,0,1,1,1,1,1,1,19
TAMU,B,88.6,FR,0,White,a. Sci,Y,DK,Y,N,N,78,1,1,1,1,1,1,0,1,1,1,1,1,1,1,1,1,1,1,1,1,19
TAMU,A,94.6,FR,1,White,a. Eng,Y,Y,Y,N,N,87,1,1,0,1,1,1,1,1,1,1,1,1,1,1,1,1,1,1,1,1,19
TSU,A,90.5,FR,1,White,a. Sci,Y,Y,Y,N,N,78,1,1,1,1,1,1,1,1,1,1,1,1,1,1,0,1,1,1,1,1,19
UNT,B,81.9,FR,1,White,a. Eng,Y,Y,Y,N,Y,87,1,1,1,1,1,1,1,1,1,1,1,1,1,1,1,0,1,1,1,1,19
UNT,A,100.4,SO,1,"Hisp,White","a. Sci,Math",Y,DK ,Y,N,N,78,1,1,1,1,1,1,1,1,1,1,1,1,1,1,1,1,1,1,1,0,19
UNT,D,60.1,JR,0,Hisp,a. Sci,Y,N,N,N,Y,78,1,1,1,1,1,1,1,1,1,1,1,1,1,1,1,1,1,1,0,1,19
UTXW,A,91.9,FR,0,Black,b,Y,Y,Y,N,Y,78,1,1,1,1,1,1,1,1,1,1,1,1,1,0,1,1,1,1,1,1,19
UTXW,B,85.3,FR,0,Asian,b,N,DK,Y,N,N,87,1,1,1,1,1,0,1,1,1,1,1,1,1,1,1,1,1,1,1,1,19
UTXW,A,95.2,FR,0,Hisp,b,Y,N,Y,N,N,78,1,1,1,1,1,1,1,1,1,1,1,1,1,1,1,0,1,1,1,1,19
UTXW,A,99.6,FR,1,Hisp,a. Math,Y,N,N,N,N,87,1,1,0,1,1,1,1,1,1,1,1,1,1,1,1,1,1,1,1,1,19
UTXW,A,98,FR,0,Hisp,b,Y,N,N,N,N,87,1,1,1,1,1,1,1,1,1,1,1,1,1,1,0,1,1,1,1,1,19
ACUP,A,94.3,FR,1,White,b,Y,Y,Y,N,Y,87,1,1,1,1,1,1,1,1,1,1,1,1,1,1,1,1,1,1,1,1,20
TAMU,A,95,FR,0,Asian,a. Eng,Y,Y,Y,N,N,78,1,1,1,1,1,1,1,1,1,1,1,1,1,1,1,1,1,1,1,1,20
TAMU,A,99.7,FR,1,AsianInd,b,Y,Y,Y,N,N,78,1,1,1,1,1,1,1,1,1,1,1,1,1,1,1,1,1,1,1,1,20
TAMU,A,94.8,FR,1,White,a. Eng,Y,Y,Y,N,N,87,1,1,1,1,1,1,1,1,1,1,1,1,1,1,1,1,1,1,1,1,20
TAMU,A,95.1,FR,0,White,b,Y,Y,Y,N,N,78,1,1,1,1,1,1,1,1,1,1,1,1,1,1,1,1,1,1,1,1,20
TAMU,A,89.6,FR,1,White,b,Y,Y,Y,N,N,87,1,1,1,1,1,1,1,1,1,1,1,1,1,1,1,1,1,1,1,1,20
TAMU,B,83.6,FR,0,White,a. Sci,Y,Y,Y,N,N,78,1,1,1,1,1,1,1,1,1,1,1,1,1,1,1,1,1,1,1,1,20
TAMU,B,87.3,FR,1,White,a. Sci,Y,Y,Y,N,N,78,1,1,1,1,1,1,1,1,1,1,1,1,1,1,1,1,1,1,1,1,20
TAMU,B,79.1,SO,0,Asian,a. Sci,Y,N,N,N,N,87,1,1,1,1,1,1,1,1,1,1,1,1,1,1,1,1,1,1,1,1,20
TAMU,A,89.4,FR,1,Asian,b,Y,N,Y,N,N,87,1,1,1,1,1,1,1,1,1,1,1,1,1,1,1,1,1,1,1,1,20
TSU,A,94,FR,1,"White,Hisp",a. Sci,Y,Y,Y,N,N,78,1,1,1,1,1,1,1,1,1,1,1,1,1,1,1,1,1,1,1,1,20
UTXW,A,91.1,FR,1,Hisp,b,Y,N,N,N,N,78,1,1,1,1,1,1,1,1,1,1,1,1,1,1,1,1,1,1,1,1,20
UTXW,A,92.6,FR,1,White,a. Eng,Y,Y,Y,N,N,78,1,1,1,1,1,1,1,1,1,1,1,1,1,1,1,1,1,1,1,1,20
